Workbook

Sheet PERSONAL ACTIVO
B3: FECHA DE MASTER
AB4: DATOS ADICIONALES A LLENAR
A5: N° | B5: SEDE | C5: CLÍNICA | D5: CODIGO | E5: FECHA DE ATENCION (dd/mm/yyyy) | F5: TIPO DOCUMENTO | G5: NRO DOCUMENTO | H5: APELLIDO PATERNO | I5: APELLIDO MATERNO | J5: NOMBRES | K5: APELLIDOS Y NOMBRES COMPLETOS (NO TOCAR ESTA FILA) | L5: SEXO | M5: FECHA NACIMIENTO (dd/mm/aaaa) | N5: CELULAR | O5: CORREO | P5: COMPAÑÍA | Q5: UNIDAD | R5: EMPRESA CONTRATISTA | S5: RUC (Empresa Contratista) | T5: ZONA DE TRABAJO | U5: AREA DE TRABAJO | V5: PUESTO | W5: UBICACIÓN | X5: DIRECCION | Y5: DISTRITO | Z5: PROVINCIA | AA5: DEPARTAMENTO | AB5: EDAD | AC5: DESTINO | AD5: LUGAR DE EMBARQUE (SAN ANDRES, BUENOS AIRES, CEO, CHILCAS OESTE) | AE5: STATUS P1, P2, P3, P4, INMUNE | AF5: FECHA DE INGRESO | AG5: TIEMPO EN UNIDAD | AJ5: FECHA DE BAJA | AK5: OBSERVACIONES
A6: STAFF | AG6: AÑOS | AH6: MESES | AI6: DÍAS
A7: 3 | B7: SAN ANDRES | C7: CENTRO MEDICO | D7: GC0000003 | F7: DNI | G7: 73067972 | H7: ZAMORA | I7: LA TORRE | J7: EDUARDO HUMBERTO | K7: =CONCATENATE(H7," ",I7," ",J7) -> ZAMORA LA TORRE EDUARDO HUMBERTO | L7: MASCULINO | M7: 34954 | N7: 961792237 | O7: eduardo.zamora@grupocredco.com | P7: MINERA AURIFERA RETAMAS S.A. | Q7: SAN ANDRES | R7: GRUPO CREDCO EMPRESA DE INGENIERIA, ARQUITECTURA Y CONSTRUCCION S.A.C. | S7: 20601242657 | T7: SUPERFICIE | U7: PROYECTOS E INFRAESTUCTURA | V7: INGENIERO RESIDENTE | W7: CAJAMARCA | X7: JR. BOLIVAR 341 | Y7: CAJAMARCA | Z7: CAJAMARCA | AA7: CAJAMARCA | AB7: =DATEDIF(M7,TODAY(),"y")&" AÑOS" -> 30 AÑOS | AC7: HUAMACHUCO | AD7: SAN ANDRES | AF7: 44258 | AG7: =DATEDIF(AF7,TODAY(),"Y") -> 4 | AH7: =DATEDIF(AF7,TODAY(),"YM") -> 10 | AI7: =DATEDIF(AF7,TODAY(),"MD") -> 27
A8: 199 | B8: SAN ANDRES | C8: CENTRO MEDICO | D8: GC0000199 | F8: DNI | G8: 71246409 | H8: PESCORÁN | I8: CAMPOS | J8: MANUEL DAVID | K8: =CONCATENATE(H8," ",I8," ",J8) -> PESCORÁN CAMPOS MANUEL DAVID | L8: MASCULINO | M8: 35268 | N8: 963308915 | O8: manuel.pescoran@grupocredco.com | P8: MINERA AURIFERA RETAMAS S.A. | Q8: SAN ANDRES | R8: GRUPO CREDCO EMPRESA DE INGENIERIA, ARQUITECTURA Y CONSTRUCCION S.A.C. | S8: 20601242657 | T8: SUPERFICIE | U8: PROYECTOS E INFRAESTUCTURA | V8: SUPERVISOR DE OBRAS CIVILES | W8: LA LIBERTAD | X8: CALLE MAGNESIO 380 | Y8: TRUJILLO | Z8: TRUJILLO | AA8: LA LIBERTAD | AB8: =DATEDIF(M8,TODAY(),"y")&" AÑOS" -> 29 AÑOS | AC8: TRUJILLO | AD8: SAN ANDRES | AF8: 45264 | AG8: =DATEDIF(AF8,TODAY(),"Y") -> 2 | AH8: =DATEDIF(AF8,TODAY(),"YM") -> 1 | AI8: =DATEDIF(AF8,TODAY(),"MD") -> 26
A9: 207 | B9: SAN ANDRES | C9: CENTRO MEDICO | D9: GC0000207 | F9: DNI | G9: 72096059 | H9: HUAYLLA | I9: LARREA | J9: ALVARO JOSÉ | K9: =CONCATENATE(H9," ",I9," ",J9) -> HUAYLLA LARREA ALVARO JOSÉ | L9: MASCULINO | M9: 34823 | N9: 918564131 | O9: alvaro.huaylla@grupocredco.com | P9: MINERA AURIFERA RETAMAS S.A. | Q9: SAN ANDRES | R9: GRUPO CREDCO EMPRESA DE INGENIERIA, ARQUITECTURA Y CONSTRUCCION S.A.C. | S9: 20601242657 | T9: SUPERFICIE | U9: PROYECTOS E INFRAESTUCTURA | V9: SUPERVISOR DE SEGURIDAD | W9: CAJAMARCA | X9: JR. GUILLERO URRELO 1623 | Y9: CAJAMARCA | Z9: CAJAMARCA | AA9: CAJAMARCA | AB9: =DATEDIF(M9,TODAY(),"y")&" AÑOS" -> 30 AÑOS | AC9: TRUJILLO | AD9: SAN ANDRES | AF9: 45225 | AG9: =DATEDIF(AF9,TODAY(),"Y") -> 2 | AH9: =DATEDIF(AF9,TODAY(),"YM") -> 3 | AI9: =DATEDIF(AF9,TODAY(),"MD") -> 4
A10: 263 | B10: SAN ANDRES | C10: CENTRO MEDICO | D10: GC0000266 | F10: DNI | G10: 75502801 | H10: ODAR | I10: RUIZ | J10: MOISES | K10: =CONCATENATE(H10," ",I10," ",J10) -> ODAR RUIZ MOISES | L10: MASCULINO | M10: 36981 | N10: 949523727 | O10: odarrmoises@gmail.com | P10: MINERA AURIFERA RETAMAS S.A. | Q10: SAN ANDRES | R10: GRUPO CREDCO EMPRESA DE INGENIERIA, ARQUITECTURA Y CONSTRUCCION S.A.C. | S10: 20601242658 | T10: SUPERFICIE | U10: PROYECTOS E INFRAESTUCTURA | V10: SUPERVISOR DE SEGURIDAD | W10: LA LIBERTAD | X10: CALLE JOSE PINELO 429 URB RAZURI | Y10: TRUJILLO | Z10: TRUJILLO | AA10: LA LIBERTAD | AB10: =DATEDIF(M10,TODAY(),"y")&" AÑOS" -> 24 AÑOS | AC10: TRUJILLO | AD10: TRUJILLO | AF10: 45932 | AG10: =DATEDIF(AF10,TODAY(),"Y") -> 0 | AH10: =DATEDIF(AF10,TODAY(),"YM") -> 3 | AI10: =DATEDIF(AF10,TODAY(),"MD") -> 28
A11: 176 | B11: SAN ANDRES | C11: CENTRO MEDICO | D11: GC0000295 | F11: DNI | G11: 72395332 | H11: MALCA | I11: ROQUE | J11: KEVIN ARNOLD | K11: =CONCATENATE(H11," ",I11," ",J11) -> MALCA ROQUE KEVIN ARNOLD | L11: MASCULINO | M11: 33811 | N11: 940128943 | O11: malca_28@hotmail.com | P11: MINERA AURIFERA RETAMAS S.A. | Q11: SAN ANDRES | R11: GRUPO CREDCO EMPRESA DE INGENIERIA, ARQUITECTURA Y CONSTRUCCION S.A.C. | S11: 20601242657 | T11: SUPERFICIE | U11: PROYECTOS E INFRAESTUCTURA | V11: ASISTENTE ADMINISTRATIVO | W11: CAJAMARCA | X11: CALLE LAS CUCARDAS 255 | Y11: CAJAMRCA | Z11: CAJAMARCA | AA11: CAJAMRCA | AB11: =DATEDIF(M11,TODAY(),"y")&" AÑOS" -> 33 AÑOS | AC11: TRUJILLO | AD11: SAN ANDRES | AF11: 46020 | AG11: =DATEDIF(AF11,TODAY(),"Y") -> 0 | AH11: =DATEDIF(AF11,TODAY(),"YM") -> 1 | AI11: =DATEDIF(AF11,TODAY(),"MD") -> 1
A12: CONDUCTORES
A13: 224 | B13: SAN ANDRES | C13: CENTRO MEDICO | D13: GC0000224 | F13: DNI | G13: 46581212 | H13: CHUNQUE | I13: PINEDO | J13: ALEXANDER | K13: =CONCATENATE(H13," ",I13," ",J13) -> CHUNQUE PINEDO ALEXANDER | L13: MASCULINO | M13: 32929 | N13: 993157218 | O13: Chunque_2012@hotmailcom | P13: MINERA AURIFERA RETAMAS S.A. | Q13: SAN ANDRES | R13: GRUPO CREDCO EMPRESA DE INGENIERIA, ARQUITECTURA Y CONSTRUCCION S.A.C. | S13: 20601242657 | T13: SUPERFICIE | U13: PROYECTOS E INFRAESTUCTURA | V13: CHOFER | W13: CAJAMARCA | X13: JR ALFONZO UGARTE E 2 | Y13: CAJAMARCA | Z13: CAJAMARCA | AA13: CAJAMARCA | AB13: =DATEDIF(M13,TODAY(),"y")&" AÑOS" -> 35 AÑOS | AC13: HUAMACHUCO | AD13: SAN ANDRES | AF13: 45547 | AG13: =DATEDIF(AF13,TODAY(),"Y") -> 1 | AH13: =DATEDIF(AF13,TODAY(),"YM") -> 4 | AI13: =DATEDIF(AF13,TODAY(),"MD") -> 18
A14: PERSONAL DE PISO
A15: 16 | B15: SAN ANDRES | C15: CENTRO MEDICO | D15: GC0000016 | F15: DNI | G15: 73036170 | H15: CARRANZA | I15: MISAHUAMAN | J15: RONAL MIKI | K15: =CONCATENATE(H15," ",I15," ",J15) -> CARRANZA MISAHUAMAN RONAL MIKI | L15: MASCULINO | M15: 34312 | N15: 913852748 | O15: ronalcarranza1994@outlook.com | P15: MINERA AURIFERA RETAMAS S.A. | Q15: SAN ANDRES | R15: GRUPO CREDCO EMPRESA DE INGENIERIA, ARQUITECTURA Y CONSTRUCCION S.A.C. | S15: 20601242657 | T15: SUPERFICIE | U15: PROYECTOS E INFRAESTUCTURA | V15: CAPATAZ | W15: CAJAMARCA | X15: Jr Jose Quiñones 707 | Y15: CAJAMARCA | Z15: CAJAMARCA | AA15: CAJAMARCA | AB15: =DATEDIF(M15,TODAY(),"y")&" AÑOS" -> 32 AÑOS | AC15: HUAMACHUCO | AD15: SAN ANDRES | AF15: 44280 | AG15: =DATEDIF(AF15,TODAY(),"Y") -> 4 | AH15: =DATEDIF(AF15,TODAY(),"YM") -> 10 | AI15: =DATEDIF(AF15,TODAY(),"MD") -> 5
A16: 71 | B16: SAN ANDRES | C16: CENTRO MEDICO | D16: GC0000071 | F16: DNI | G16: 26731702 | H16: TERAN | I16: REVILLA | J16: NORBERTO | K16: =CONCATENATE(H16," ",I16," ",J16) -> TERAN REVILLA NORBERTO | L16: MASCULINO | M16: 28282 | N16: 951354747 | O16: n06teran@gmail.com | P16: MINERA AURIFERA RETAMAS S.A. | Q16: SAN ANDRES | R16: GRUPO CREDCO EMPRESA DE INGENIERIA, ARQUITECTURA Y CONSTRUCCION S.A.C. | S16: 20601242657 | T16: SUPERFICIE | U16: PROYECTOS E INFRAESTUCTURA | V16: CAPATAZ | W16: CAJAMARCA | X16: Jr. Angamos 646 | Y16: CAJAMARCA | Z16: CAJAMARCA | AA16: CAJAMARCA | AB16: =DATEDIF(M16,TODAY(),"y")&" AÑOS" -> 48 AÑOS | AC16: HUAMACHUCO | AD16: SAN ANDRES | AF16: 44406 | AG16: =DATEDIF(AF16,TODAY(),"Y") -> 4 | AH16: =DATEDIF(AF16,TODAY(),"YM") -> 6 | AI16: =DATEDIF(AF16,TODAY(),"MD") -> 1
A17: 216 | B17: SAN ANDRES | C17: CENTRO MEDICO | D17: GC0000216 | E17: 45784 | F17: DNI | G17: 71002403 | H17: ANTICONA | I17: ANTICONA | J17: HEBER EFRAIN | K17: =CONCATENATE(H17," ",I17," ",J17) -> ANTICONA ANTICONA HEBER EFRAIN | L17: MASCULINO | M17: 37361 | N17: 965451507 | O17: everanticona159@gmail.com | P17: MINERA AURIFERA RETAMAS S.A. | Q17: SAN ANDRES | R17: GRUPO CREDCO EMPRESA DE INGENIERIA, ARQUITECTURA Y CONSTRUCCION S.A.C. | S17: 20601242657 | T17: SUPERFICIE | U17: PROYECTOS E INFRAESTUCTURA | V17: OPERARIO CIVIL | W17: HUAMACHUCO | X17: CASERIO LAGUNA SAUSACOCHA | Y17: HUAMACHUCO | Z17: SANCHEZ CARRION | AA17: LA LIBERTAD | AB17: =DATEDIF(M17,TODAY(),"y")&" AÑOS" -> 23 AÑOS | AC17: HUAMACHUCO | AD17: SAN ANDRES | AF17: 45383 | AG17: =DATEDIF(AF17,TODAY(),"Y") -> 1 | AH17: =DATEDIF(AF17,TODAY(),"YM") -> 9 | AI17: =DATEDIF(AF17,TODAY(),"MD") -> 29
A18: 28 | B18: SAN ANDRES | C18: CENTRO MEDICO | D18: GC0000028 | F18: DNI | G18: 70199652 | H18: CAHUANA | I18: CHUQUIMANGO | J18: EDILBERTO | K18: =CONCATENATE(H18," ",I18," ",J18) -> CAHUANA CHUQUIMANGO EDILBERTO | L18: MASCULINO | M18: 35464 | N18: 962744106 | O18: edicahuanachuqimango@gmail.com | P18: MINERA AURIFERA RETAMAS S.A. | Q18: SAN ANDRES | R18: GRUPO CREDCO EMPRESA DE INGENIERIA, ARQUITECTURA Y CONSTRUCCION S.A.C. | S18: 20601242657 | T18: SUPERFICIE | U18: PROYECTOS E INFRAESTUCTURA | V18: OPERARIO CIVIL | W18: CAJAMARCA | X18: Av. Miguel de Cervantes 249 | Y18: CAJAMARCA | Z18: CAJAMARCA | AA18: CAJAMARCA | AB18: =DATEDIF(M18,TODAY(),"y")&" AÑOS" -> 28 AÑOS | AC18: HUAMACHUCO | AD18: SAN ANDRES | AF18: 44288 | AG18: =DATEDIF(AF18,TODAY(),"Y") -> 4 | AH18: =DATEDIF(AF18,TODAY(),"YM") -> 9 | AI18: =DATEDIF(AF18,TODAY(),"MD") -> 28
A19: 5 | B19: SAN ANDRES | C19: CENTRO MEDICO | D19: GC0000005 | F19: DNI | G19: 47239686 | H19: MISAHUAMAN | I19: BARDALES | J19: FRANKLIN | K19: =CONCATENATE(H19," ",I19," ",J19) -> MISAHUAMAN BARDALES FRANKLIN | L19: MASCULINO | M19: 33474 | N19: 973455348 | O19: Franklinmisahuamanbardales24@gmail.com | P19: MINERA AURIFERA RETAMAS S.A. | Q19: SAN ANDRES | R19: GRUPO CREDCO EMPRESA DE INGENIERIA, ARQUITECTURA Y CONSTRUCCION S.A.C. | S19: 20601242657 | T19: SUPERFICIE | U19: PROYECTOS E INFRAESTUCTURA | V19: OPERARIO CIVIL | W19: CAJAMARCA | X19: CASERIO CHIGDEN-SAN JUAN | Y19: CAJAMARCA | Z19: CAJAMARCA | AA19: CAJAMARCA | AB19: =DATEDIF(M19,TODAY(),"y")&" AÑOS" -> 34 AÑOS | AC19: HUAMACHUCO | AD19: SAN ANDRES | AF19: 44260 | AG19: =DATEDIF(AF19,TODAY(),"Y") -> 4 | AH19: =DATEDIF(AF19,TODAY(),"YM") -> 10 | AI19: =DATEDIF(AF19,TODAY(),"MD") -> 25
A20: 231 | B20: SAN ANDRES | C20: CENTRO MEDICO | D20: GC0000231 | F20: DNI | G20: 48249505 | H20: RAMIREZ | I20: POMPA | J20: JORGE LUIS ANTONIO | K20: =CONCATENATE(H20," ",I20," ",J20) -> RAMIREZ POMPA JORGE LUIS ANTONIO | L20: MASCULINO | M20: 34472 | N20: 948526376 | O20: Jorgeluisramirezpompa1@gmail.com | P20: MINERA AURIFERA RETAMAS S.A. | Q20: SAN ANDRES | R20: GRUPO CREDCO EMPRESA DE INGENIERIA, ARQUITECTURA Y CONSTRUCCION S.A.C. | S20: 20601242657 | T20: SUPERFICIE | U20: PROYECTOS E INFRAESTUCTURA | V20: OPERARIO CIVIL | W20: CAJAMARCA | X20: CASERIO ROSAMAYOPATA | Y20: CAJAMARCA | Z20: CAJAMARCA | AA20: CAJAMARCA | AB20: =DATEDIF(M20,TODAY(),"y")&" AÑOS" -> 31 AÑOS | AC20: HUAMACHUCO | AD20: SAN ANDRES | AF20: 45648 | AG20: =DATEDIF(AF20,TODAY(),"Y") -> 1 | AH20: =DATEDIF(AF20,TODAY(),"YM") -> 1 | AI20: =DATEDIF(AF20,TODAY(),"MD") -> 8
A21: 232 | B21: SAN ANDRES | C21: CENTRO MEDICO | D21: GC0000232 | F21: DNI | G21: 75342164 | H21: ROJAS | I21: ABAD | J21: BRYAN DENNIS | K21: =CONCATENATE(H21," ",I21," ",J21) -> ROJAS ABAD BRYAN DENNIS | L21: MASCULINO | M21: 35790 | N21: 938663062 | O21: Bryan_rojas2697@hotmail.com | P21: MINERA AURIFERA RETAMAS S.A. | Q21: SAN ANDRES | R21: GRUPO CREDCO EMPRESA DE INGENIERIA, ARQUITECTURA Y CONSTRUCCION S.A.C. | S21: 20601242657 | T21: SUPERFICIE | U21: PROYECTOS E INFRAESTUCTURA | V21: OPERARIO CIVIL | W21: PIURA | X21: CALLE JOSE MARIA RAYGADA 400 ASENT. H. 9 DE OCTUBRE | Y21: SULLANA | Z21: SULLANA | AA21: PIURA | AB21: =DATEDIF(M21,TODAY(),"y")&" AÑOS" -> 28 AÑOS | AC21: TRUJILLO | AD21: SAN ANDRES | AF21: 45648 | AG21: =DATEDIF(AF21,TODAY(),"Y") -> 1 | AH21: =DATEDIF(AF21,TODAY(),"YM") -> 1 | AI21: =DATEDIF(AF21,TODAY(),"MD") -> 8
A22: 7 | B22: SAN ANDRES | C22: CENTRO MEDICO | D22: GC0000007 | E22: 46148 | F22: DNI | G22: 72444479 | H22: ROJAS | I22: PEÑA | J22: ROSMA ROEL | K22: =CONCATENATE(H22," ",I22," ",J22) -> ROJAS PEÑA ROSMA ROEL | L22: MASCULINO | M22: 34884 | N22: 941260424 | O22: reykin.16@gmail.com | P22: MINERA AURIFERA RETAMAS S.A. | Q22: SAN ANDRES | R22: GRUPO CREDCO EMPRESA DE INGENIERIA, ARQUITECTURA Y CONSTRUCCION S.A.C. | S22: 20601242657 | T22: SUPERFICIE | U22: PROYECTOS E INFRAESTUCTURA | V22: OPERARIO CIVIL | W22: PIURA | X22: ASOCIACION BELEN MZ. B LOT 21 | Y22: CASTILLA | Z22: PIURA | AA22: PIURA | AB22: =DATEDIF(M22,TODAY(),"y")&" AÑOS" -> 30 AÑOS | AC22: TRUJILLO | AD22: SAN ANDRES | AF22: 44266 | AG22: =DATEDIF(AF22,TODAY(),"Y") -> 4 | AH22: =DATEDIF(AF22,TODAY(),"YM") -> 10 | AI22: =DATEDIF(AF22,TODAY(),"MD") -> 19
A23: 163 | B23: SAN ANDRES | C23: CENTRO MEDICO | D23: GC0000163 | F23: DNI | G23: 47084997 | H23: BURGOS | I23: JAYASI | J23: JORGE | K23: =CONCATENATE(H23," ",I23," ",J23) -> BURGOS JAYASI JORGE | L23: MASCULINO | M23: 33402 | N23: 954977215 | O23: jorgeburgosjayasi@gmail.com | P23: MINERA AURIFERA RETAMAS S.A. | Q23: SAN ANDRES | R23: GRUPO CREDCO EMPRESA DE INGENIERIA, ARQUITECTURA Y CONSTRUCCION S.A.C. | S23: 20601242657 | T23: SUPERFICIE | U23: PROYECTOS E INFRAESTUCTURA | V23: OFICIAL CIVIL | W23: CAJAMARCA | X23: CASERIO CHIGDEN | Y23: SAN JUAN | Z23: CAJAMARCA | AA23: CAJAMARCA | AB23: =DATEDIF(M23,TODAY(),"y")&" AÑOS" -> 34 AÑOS | AC23: HUAMACHUCO | AD23: SAN ANDRES | AF23: 44951 | AG23: =DATEDIF(AF23,TODAY(),"Y") -> 3 | AH23: =DATEDIF(AF23,TODAY(),"YM") -> 0 | AI23: =DATEDIF(AF23,TODAY(),"MD") -> 5
A24: 203 | B24: SAN ANDRES | C24: CENTRO MEDICO | D24: GC0000203 | F24: DNI | G24: 47170380 | H24: DURAN | I24: PINEDO | J24: ELI | K24: =CONCATENATE(H24," ",I24," ",J24) -> DURAN PINEDO ELI | L24: MASCULINO | M24: 31649 | N24: 942281106 | O24: Elidu871@gmail.com | P24: MINERA AURIFERA RETAMAS S.A. | Q24: SAN ANDRES | R24: GRUPO CREDCO EMPRESA DE INGENIERIA, ARQUITECTURA Y CONSTRUCCION S.A.C. | S24: 20601242657 | T24: SUPERFICIE | U24: PROYECTOS E INFRAESTUCTURA | V24: OFICIAL CIVIL | W24: CAJAMARCA | X24: PASAJE LOS ANGELES 128 | Y24: CAJAMARCA | Z24: CAJAMARCA | AA24: CAJAMARCA | AB24: =DATEDIF(M24,TODAY(),"y")&" AÑOS" -> 39 AÑOS | AC24: HUAMACHUCO | AD24: SAN ANDRES | AF24: 45316 | AG24: =DATEDIF(AF24,TODAY(),"Y") -> 2 | AH24: =DATEDIF(AF24,TODAY(),"YM") -> 0 | AI24: =DATEDIF(AF24,TODAY(),"MD") -> 5
A25: 96 | B25: SAN ANDRES | C25: CENTRO MEDICO | D25: GC0000096 | E25: 45784 | F25: DNI | G25: 73635435 | H25: LINARES | I25: BLONDET | J25: LUIS II | K25: =CONCATENATE(H25," ",I25," ",J25) -> LINARES BLONDET LUIS II | L25: MASCULINO | M25: 34656 | N25: 961749499 | O25: luislinaresb@hotmail.com | P25: MINERA AURIFERA RETAMAS S.A. | Q25: SAN ANDRES | R25: GRUPO CREDCO EMPRESA DE INGENIERIA, ARQUITECTURA Y CONSTRUCCION S.A.C. | S25: 20601242657 | T25: SUPERFICIE | U25: PROYECTOS E INFRAESTUCTURA | V25: OFICIAL CIVIL | W25: LAMBAYEQUE | X25: CALLE LAS DIAMELAS #160 | Y25: JOSE LEONARDO ORTIZ | Z25: CHICLAYO | AA25: LAMBAYEQUE | AB25: =DATEDIF(M25,TODAY(),"y")&" AÑOS" -> 31 AÑOS | AC25: TRUJILLO | AD25: SAN ANDRES | AF25: 44629 | AG25: =DATEDIF(AF25,TODAY(),"Y") -> 3 | AH25: =DATEDIF(AF25,TODAY(),"YM") -> 10 | AI25: =DATEDIF(AF25,TODAY(),"MD") -> 21
A26: 166 | B26: SAN ANDRES | C26: CENTRO MEDICO | D26: GC0000166 | F26: DNI | G26: 71232355 | H26: LLAMOGA | I26: PINEDO | J26: JAIME | K26: =CONCATENATE(H26," ",I26," ",J26) -> LLAMOGA PINEDO JAIME | L26: MASCULINO | M26: 34313 | N26: 987654967 | O26: Llamogapinedoj@gmail.com | P26: MINERA AURIFERA RETAMAS S.A. | Q26: SAN ANDRES | R26: GRUPO CREDCO EMPRESA DE INGENIERIA, ARQUITECTURA Y CONSTRUCCION S.A.C. | S26: 20601242657 | T26: SUPERFICIE | U26: PROYECTOS E INFRAESTUCTURA | V26: OFICIAL CIVIL | W26: CAJAMARCA | X26: AV. TUPAC CAMARU N° 847 | Y26: LLACONARA | Z26: CAJAMARCA | AA26: CAJAMARCA | AB26: =DATEDIF(M26,TODAY(),"y")&" AÑOS" -> 32 AÑOS | AC26: HUAMACHUCO | AD26: SAN ANDRES | AF26: 44965 | AG26: =DATEDIF(AF26,TODAY(),"Y") -> 2 | AH26: =DATEDIF(AF26,TODAY(),"YM") -> 11 | AI26: =DATEDIF(AF26,TODAY(),"MD") -> 22
A27: 179 | B27: SAN ANDRES | C27: CENTRO MEDICO | D27: GC0000179 | F27: DNI | G27: 43211300 | H27: ROJAS | I27: GUERRERO | J27: HILDEBRANDO | K27: =CONCATENATE(H27," ",I27," ",J27) -> ROJAS GUERRERO HILDEBRANDO | L27: MASCULINO | M27: 31331 | N27: 941205078 | O27: hilrojas1985@gmail.com | P27: MINERA AURIFERA RETAMAS S.A. | Q27: SAN ANDRES | R27: GRUPO CREDCO EMPRESA DE INGENIERIA, ARQUITECTURA Y CONSTRUCCION S.A.C. | S27: 20601242657 | T27: SUPERFICIE | U27: PROYECTOS E INFRAESTUCTURA | V27: OFICIAL CIVIL | W27: CAJAMARCA | X27: CASERIO EL PROGRESO | Y27: TUMBADEN | Z27: SAN PABLO | AA27: CAJAMARCA | AB27: =DATEDIF(M27,TODAY(),"y")&" AÑOS" -> 40 AÑOS | AC27: HUAMACHUCO | AD27: SAN ANDRES | AF27: 45125 | AG27: =DATEDIF(AF27,TODAY(),"Y") -> 2 | AH27: =DATEDIF(AF27,TODAY(),"YM") -> 6 | AI27: =DATEDIF(AF27,TODAY(),"MD") -> 12
A28: 29 | B28: SAN ANDRES | C28: CENTRO MEDICO | D28: GC0000029 | F28: DNI | G28: 41068253 | H28: SANCHEZ | I28: MOSQUEIRA | J28: WALTER | K28: =CONCATENATE(H28," ",I28," ",J28) -> SANCHEZ MOSQUEIRA WALTER | L28: MASCULINO | M28: 29037 | N28: 999884640 | O28: walter1134sanchez@gmail.com | P28: MINERA AURIFERA RETAMAS S.A. | Q28: SAN ANDRES | R28: GRUPO CREDCO EMPRESA DE INGENIERIA, ARQUITECTURA Y CONSTRUCCION S.A.C. | S28: 20601242657 | T28: SUPERFICIE | U28: PROYECTOS E INFRAESTUCTURA | V28: OFICIAL CIVIL | W28: CAJAMARCA | X28: Psj. El Carme s/n | Y28: CAJAMARCA | Z28: CAJAMARCA | AA28: CAJAMARCA | AB28: =DATEDIF(M28,TODAY(),"y")&" AÑOS" -> 46 AÑOS | AC28: HUAMACHUCO | AD28: SAN ANDRES | AF28: 44288 | AG28: =DATEDIF(AF28,TODAY(),"Y") -> 4 | AH28: =DATEDIF(AF28,TODAY(),"YM") -> 9 | AI28: =DATEDIF(AF28,TODAY(),"MD") -> 28
A29: 212 | B29: SAN ANDRES | C29: CENTRO MEDICO | D29: GC0000212 | F29: DNI | G29: 70137236 | H29: TISNADO | I29: ARRESTEGUI | J29: GERSON YADER | K29: =CONCATENATE(H29," ",I29," ",J29) -> TISNADO ARRESTEGUI GERSON YADER | L29: MASCULINO | M29: 36192 | N29: 960696017 | O29: tisnadoarresteguig@gmail.com | P29: MINERA AURIFERA RETAMAS S.A. | Q29: SAN ANDRES | R29: GRUPO CREDCO EMPRESA DE INGENIERIA, ARQUITECTURA Y CONSTRUCCION S.A.C. | S29: 20601242657 | T29: SUPERFICIE | U29: PROYECTOS E INFRAESTUCTURA | V29: AYUDANTE CIVIL | W29: CAJAMARCA | X29: CASERIO SANTA CATALINA | Y29: CUPISNIQUE | Z29: CONTUMAZA | AA29: CAJAMARCA | AB29: =DATEDIF(M29,TODAY(),"y")&" AÑOS" -> 26 AÑOS | AC29: TRUJILLO | AD29: SAN ANDRES | AF29: 45353 | AG29: =DATEDIF(AF29,TODAY(),"Y") -> 1 | AH29: =DATEDIF(AF29,TODAY(),"YM") -> 10 | AI29: =DATEDIF(AF29,TODAY(),"MD") -> 28
A30: 85 | B30: SAN ANDRES | C30: CENTRO MEDICO | D30: GC0000085 | F30: DNI | G30: 71713031 | H30: ARIAS | I30: ARCE | J30: WILMER | K30: =CONCATENATE(H30," ",I30," ",J30) -> ARIAS ARCE WILMER | L30: MASCULINO | M30: 34868 | N30: 982394253 | O30: Wilsonariasarce@gmail.com | P30: MINERA AURIFERA RETAMAS S.A. | Q30: SAN ANDRES | R30: GRUPO CREDCO EMPRESA DE INGENIERIA, ARQUITECTURA Y CONSTRUCCION S.A.C. | S30: 20601242657 | T30: SUPERFICIE | U30: PROYECTOS E INFRAESTUCTURA | V30: AYUDANTE CIVIL | W30: HUAMACHUCO | X30: CASERIO PARANSHIQUE LOT 34 | Y30: HUAMACHUCO | Z30: SANCHEZ CARRION | AA30: LA LIBERTAD | AB30: =DATEDIF(M30,TODAY(),"y")&" AÑOS" -> 30 AÑOS | AC30: HUAMACHUCO | AD30: SAN ANDRES | AF30: 44545 | AG30: =DATEDIF(AF30,TODAY(),"Y") -> 4 | AH30: =DATEDIF(AF30,TODAY(),"YM") -> 1 | AI30: =DATEDIF(AF30,TODAY(),"MD") -> 15
A31: 114 | B31: SAN ANDRES | C31: CENTRO MEDICO | D31: GC0000114 | F31: DNI | G31: 70210174 | H31: ARRIBASPLATA | I31: ARRIBASPLATA | J31: YEISON ANTONI | K31: =CONCATENATE(H31," ",I31," ",J31) -> ARRIBASPLATA ARRIBASPLATA YEISON ANTONI | L31: MASCULINO | M31: 35077 | N31: 963513817 | O31: yeiz_123@hotmail.com | P31: MINERA AURIFERA RETAMAS S.A. | Q31: SAN ANDRES | R31: GRUPO CREDCO EMPRESA DE INGENIERIA, ARQUITECTURA Y CONSTRUCCION S.A.C. | S31: 20601242657 | T31: SUPERFICIE | U31: PROYECTOS E INFRAESTUCTURA | V31: AYUDANTE CIVIL | W31: CAJAMARCA | X31: AV.PERU 1273 | Y31: CAJAMARCA | Z31: CAJAMARCA | AA31: CAJAMARCA | AB31: =DATEDIF(M31,TODAY(),"y")&" AÑOS" -> 30 AÑOS | AC31: HUAMACHUCO | AD31: SAN ANDRES | AF31: 44804 | AG31: =DATEDIF(AF31,TODAY(),"Y") -> 3 | AH31: =DATEDIF(AF31,TODAY(),"YM") -> 4 | AI31: =DATEDIF(AF31,TODAY(),"MD") -> 30
A32: 118 | B32: SAN ANDRES | C32: CENTRO MEDICO | D32: GC0000118 | E32: 45784 | F32: DNI | G32: 41534039 | H32: CARHUAPOMA | I32: VARGAS | J32: OSWALDO | K32: =CONCATENATE(H32," ",I32," ",J32) -> CARHUAPOMA VARGAS OSWALDO | L32: MASCULINO | M32: 30181 | N32: 971173092 | O32: Oswaldocarhuapoma27 | P32: MINERA AURIFERA RETAMAS S.A. | Q32: SAN ANDRES | R32: GRUPO CREDCO EMPRESA DE INGENIERIA, ARQUITECTURA Y CONSTRUCCION S.A.C. | S32: 20601242657 | T32: SUPERFICIE | U32: PROYECTOS E INFRAESTUCTURA | V32: AYUDANTE CIVIL | W32: LAMBAYEQUE | X32: CALLE SAN FRANCISCO 739-URRUNAGA | Y32: JOSE LEONARDO ORTIZ | Z32: CHICLAYO | AA32: LAMBAYEQUE | AB32: =DATEDIF(M32,TODAY(),"y")&" AÑOS" -> 43 AÑOS | AC32: TRUJILLO | AD32: SAN ANDRES | AF32: 44818 | AG32: =DATEDIF(AF32,TODAY(),"Y") -> 3 | AH32: =DATEDIF(AF32,TODAY(),"YM") -> 4 | AI32: =DATEDIF(AF32,TODAY(),"MD") -> 16
A33: 235 | B33: SAN ANDRES | C33: CENTRO MEDICO | D33: GC0000235 | F33: DNI | G33: 75848903 | H33: CARRILLO | I33: ZAPATA | J33: CARLOS EDUARDO | K33: =CONCATENATE(H33," ",I33," ",J33) -> CARRILLO ZAPATA CARLOS EDUARDO | L33: MASCULINO | M33: 36839 | N33: 981110098 | O33: Carloscarrillo1110@hotmail.com | P33: MINERA AURIFERA RETAMAS S.A. | Q33: SAN ANDRES | R33: GRUPO CREDCO EMPRESA DE INGENIERIA, ARQUITECTURA Y CONSTRUCCION S.A.C. | S33: 20601242657 | T33: SUPERFICIE | U33: PROYECTOS E INFRAESTUCTURA | V33: AYUDANTE CIVIL | W33: PIURA | X33: ASENT. H. JORGE CHAVEZ Y9 | Y33: SULLANA | Z33: SULLANA | AA33: PIURA | AB33: =DATEDIF(M33,TODAY(),"y")&" AÑOS" -> 25 AÑOS | AC33: TRUJILLO | AD33: SAN ANDRES | AF33: 45687 | AG33: =DATEDIF(AF33,TODAY(),"Y") -> 1 | AH33: =DATEDIF(AF33,TODAY(),"YM") -> 0 | AI33: =DATEDIF(AF33,TODAY(),"MD") -> 0
A34: 246 | B34: SAN ANDRES | C34: CENTRO MEDICO | D34: GC0000246 | F34: DNI | G34: 47722881 | H34: CHUQUIMANGO | I34: RAMOS | J34: DIOVER YULINIO | K34: =CONCATENATE(H34," ",I34," ",J34) -> CHUQUIMANGO RAMOS DIOVER YULINIO | L34: MASCULINO | M34: 34061 | N34: 993086901 | O34: yuliniochuquimango@gmail.com | P34: MINERA AURIFERA RETAMAS S.A. | Q34: SAN ANDRES | R34: GRUPO CREDCO EMPRESA DE INGENIERIA, ARQUITECTURA Y CONSTRUCCION S.A.C. | S34: 20601242657 | T34: SUPERFICIE | U34: PROYECTOS E INFRAESTUCTURA | V34: AYUDANTE CIVIL | W34: CAJAMARCA | X34: CARR. VENECIA - EL TRIUNFO S/N CASERIO EL TRIUNFO | Y34: BAÑOS DEL INCA | Z34: CAJAMARCA | AA34: CAJAMARCA | AB34: =DATEDIF(M34,TODAY(),"y")&" AÑOS" -> 32 AÑOS | AC34: HUAMACHUCO | AD34: SAN ANDRES | AF34: 45743 | AG34: =DATEDIF(AF34,TODAY(),"Y") -> 0 | AH34: =DATEDIF(AF34,TODAY(),"YM") -> 10 | AI34: =DATEDIF(AF34,TODAY(),"MD") -> 3
A35: 241 | B35: SAN ANDRES | C35: CENTRO MEDICO | D35: GC0000241 | E35: 45784 | F35: DNI | G35: 47697810 | H35: DELAO | I35: TORRES | J35: BRUNO | K35: =CONCATENATE(H35," ",I35," ",J35) -> DELAO TORRES BRUNO | L35: MASCULINO | M35: 33263 | N35: 963544564 | O35: brunodelaotorres25@gmail.com | P35: MINERA AURIFERA RETAMAS S.A. | Q35: SAN ANDRES | R35: GRUPO CREDCO EMPRESA DE INGENIERIA, ARQUITECTURA Y CONSTRUCCION S.A.C. | S35: 20601242657 | T35: SUPERFICIE | U35: PROYECTOS E INFRAESTUCTURA | V35: AYUDANTE CIVIL | W35: LIMA | X35: JR. GONZALES PRADA S/N | Y35: ATE | Z35: LIMA | AA35: LIMA | AB35: =DATEDIF(M35,TODAY(),"y")&" AÑOS" -> 35 AÑOS | AC35: TRUJILLO | AD35: SAN ANDRES | AF35: 45694 | AG35: =DATEDIF(AF35,TODAY(),"Y") -> 0 | AH35: =DATEDIF(AF35,TODAY(),"YM") -> 11 | AI35: =DATEDIF(AF35,TODAY(),"MD") -> 24
A36: 221 | B36: SAN ANDRES | C36: CENTRO MEDICO | D36: GC0000221 | F36: DNI | G36: 72944466 | H36: JARA | I36: DE LA CRUZ | J36: BENAVIDES | K36: =CONCATENATE(H36," ",I36," ",J36) -> JARA DE LA CRUZ BENAVIDES | L36: MASCULINO | M36: 35829 | N36: 932298906 | O36: jarabenavides7@gmail.com | P36: MINERA AURIFERA RETAMAS S.A. | Q36: SAN ANDRES | R36: GRUPO CREDCO EMPRESA DE INGENIERIA, ARQUITECTURA Y CONSTRUCCION S.A.C. | S36: 20601242657 | T36: SUPERFICIE | U36: PROYECTOS E INFRAESTUCTURA | V36: OFICIAL CIVIL | W36: CAJAMARCA | X36: BARRIO SAN VICENTE S/N | Y36: CAJAMARCA | Z36: CAJAMARCA | AA36: CAJAMARCA | AB36: =DATEDIF(M36,TODAY(),"y")&" AÑOS" -> 27 AÑOS | AC36: HUAMACHUCO | AD36: SAN ANDRES | AF36: 45491 | AG36: =DATEDIF(AF36,TODAY(),"Y") -> 1 | AH36: =DATEDIF(AF36,TODAY(),"YM") -> 6 | AI36: =DATEDIF(AF36,TODAY(),"MD") -> 12
A37: 186 | B37: SAN ANDRES | C37: CENTRO MEDICO | D37: GC0000186 | F37: DNI | G37: 74206233 | H37: LLANOS | I37: LOPEZ | J37: JAIME LUIS | K37: =CONCATENATE(H37," ",I37," ",J37) -> LLANOS LOPEZ JAIME LUIS | L37: MASCULINO | M37: 35000 | N37: 997573190 | O37: luisllanos077@gmail.com | P37: MINERA AURIFERA RETAMAS S.A. | Q37: SAN ANDRES | R37: GRUPO CREDCO EMPRESA DE INGENIERIA, ARQUITECTURA Y CONSTRUCCION S.A.C. | S37: 20601242657 | T37: SUPERFICIE | U37: PROYECTOS E INFRAESTUCTURA | V37: AYUDANTE CIVIL | W37: CAJAMARCA | X37: CASERIO AGOCUCHO | Y37: CAJAMARCA | Z37: CAJAMARCA | AA37: CAJAMARCA | AB37: =DATEDIF(M37,TODAY(),"y")&" AÑOS" -> 30 AÑOS | AC37: HUAMACHUCO | AD37: SAN ANDRES | AF37: 45182 | AG37: =DATEDIF(AF37,TODAY(),"Y") -> 2 | AH37: =DATEDIF(AF37,TODAY(),"YM") -> 4 | AI37: =DATEDIF(AF37,TODAY(),"MD") -> 17
A38: 182 | B38: SAN ANDRES | C38: CENTRO MEDICO | D38: GC0000182 | F38: DNI | G38: 71758207 | H38: LINARES | I38: RAMIREZ | J38: WILLIAM ALI | K38: =CONCATENATE(H38," ",I38," ",J38) -> LINARES RAMIREZ WILLIAM ALI | L38: MASCULINO | M38: 35846 | N38: 997497655 | O38: wlinare907@gmail.com | P38: MINERA AURIFERA RETAMAS S.A. | Q38: SAN ANDRES | R38: GRUPO CREDCO EMPRESA DE INGENIERIA, ARQUITECTURA Y CONSTRUCCION S.A.C. | S38: 20601242657 | T38: SUPERFICIE | U38: PROYECTOS E INFRAESTUCTURA | V38: AYUDANTE CIVIL | W38: CAJAMARCA | X38: CASERIO CHIGDEN | Y38: CAJAMARCA | Z38: CAJAMARCA | AA38: CAJAMARCA | AB38: =DATEDIF(M38,TODAY(),"y")&" AÑOS" -> 27 AÑOS | AC38: HUAMACHUCO | AD38: SAN ANDRES | AF38: 45154 | AG38: =DATEDIF(AF38,TODAY(),"Y") -> 2 | AH38: =DATEDIF(AF38,TODAY(),"YM") -> 5 | AI38: =DATEDIF(AF38,TODAY(),"MD") -> 14
A39: 201 | B39: SAN ANDRES | C39: CENTRO MEDICO | D39: GC0000201 | F39: DNI | G39: 76352395 | H39: MIRANDA | I39: GALLARDO | J39: SEGUNDO EDUARDO | K39: =CONCATENATE(H39," ",I39," ",J39) -> MIRANDA GALLARDO SEGUNDO EDUARDO | L39: MASCULINO | M39: 35181 | N39: 980269415 | O39: middle-e@hotmail.com | P39: MINERA AURIFERA RETAMAS S.A. | Q39: SAN ANDRES | R39: GRUPO CREDCO EMPRESA DE INGENIERIA, ARQUITECTURA Y CONSTRUCCION S.A.C. | S39: 20601242657 | T39: SUPERFICIE | U39: PROYECTOS E INFRAESTUCTURA | V39: AYUDANTE CIVIL | W39: CAJAMARCA | X39: CENTRO POBLADO DE PARIAMARCA | Y39: CAJAMARCA | Z39: CAJAMARCA | AA39: CAJAMARCA | AB39: =DATEDIF(M39,TODAY(),"y")&" AÑOS" -> 29 AÑOS | AC39: HUAMACHUCO | AD39: SAN ANDRES | AF39: 45316 | AG39: =DATEDIF(AF39,TODAY(),"Y") -> 2 | AH39: =DATEDIF(AF39,TODAY(),"YM") -> 0 | AI39: =DATEDIF(AF39,TODAY(),"MD") -> 5
A40: 191 | B40: SAN ANDRES | C40: CENTRO MEDICO | D40: GC0000191 | F40: DNI | G40: 74083999 | H40: PISCO | I40: PINEDO | J40: JHONATAN KEVIN | K40: =CONCATENATE(H40," ",I40," ",J40) -> PISCO PINEDO JHONATAN KEVIN | L40: MASCULINO | M40: 36856 | N40: 965057215 | O40: jonathankevinpiscopinedo@gmail.com | P40: MINERA AURIFERA RETAMAS S.A. | Q40: SAN ANDRES | R40: GRUPO CREDCO EMPRESA DE INGENIERIA, ARQUITECTURA Y CONSTRUCCION S.A.C. | S40: 20601242657 | T40: SUPERFICIE | U40: PROYECTOS E INFRAESTUCTURA | V40: AYUDANTE CIVIL | W40: CAJAMARCA | X40: JR. ALFONSO UGARTE INT. A BARRIO MOLLEPAMPA MZ. A LOT. 1 | Y40: CAJAMARCA | Z40: CAJAMARCA | AA40: CAJAMARCA | AB40: =DATEDIF(M40,TODAY(),"y")&" AÑOS" -> 25 AÑOS | AC40: HUAMACHUCO | AD40: SAN ANDRES | AF40: 45210 | AG40: =DATEDIF(AF40,TODAY(),"Y") -> 2 | AH40: =DATEDIF(AF40,TODAY(),"YM") -> 3 | AI40: =DATEDIF(AF40,TODAY(),"MD") -> 19
A41: 227 | B41: SAN ANDRES | C41: CENTRO MEDICO | D41: GC0000227 | F41: DNI | G41: 44425798 | H41: TANTA | I41: DE LA CRUZ | J41: SANTOS | K41: =CONCATENATE(H41," ",I41," ",J41) -> TANTA DE LA CRUZ SANTOS | L41: MASCULINO | M41: 32007 | N41: 936 586 186 | O41: santostantadelacruz625@gmail.com | P41: MINERA AURIFERA RETAMAS S.A. | Q41: SAN ANDRES | R41: GRUPO CREDCO EMPRESA DE INGENIERIA, ARQUITECTURA Y CONSTRUCCION S.A.C. | S41: 20601242657 | T41: SUPERFICIE | U41: PROYECTOS E INFRAESTUCTURA | V41: AYUDANTE CIVIL | W41: CAJAMARCA | X41: CASERIO CASADEN | Y41: MAGDALENA | Z41: CAJAMARCA | AA41: CAJAMARCA | AB41: =DATEDIF(M41,TODAY(),"y")&" AÑOS" -> 38 AÑOS | AC41: HUAMACHUCO | AD41: SAN ANDRES | AF41: 45603 | AG41: =DATEDIF(AF41,TODAY(),"Y") -> 1 | AH41: =DATEDIF(AF41,TODAY(),"YM") -> 2 | AI41: =DATEDIF(AF41,TODAY(),"MD") -> 23
A42: 200 | B42: SAN ANDRES | C42: CENTRO MEDICO | D42: GC0000200 | F42: DNI | G42: 45095942 | H42: VENEGAS | I42: RAMOS | J42: ENRIQUE HERMIS | K42: =CONCATENATE(H42," ",I42," ",J42) -> VENEGAS RAMOS ENRIQUE HERMIS | L42: MASCULINO | M42: 31800 | N42: 92366477 | O42: cristofer230201@gmail.com | P42: MINERA AURIFERA RETAMAS S.A. | Q42: SAN ANDRES | R42: GRUPO CREDCO EMPRESA DE INGENIERIA, ARQUITECTURA Y CONSTRUCCION S.A.C. | S42: 20601242657 | T42: SUPERFICIE | U42: PROYECTOS E INFRAESTUCTURA | V42: AYUDANTE CIVIL | W42: LAMBAYEQUE | X42: PUEBLO JOVEN SAN RAFAEL CALLE EL TUME MZ J LT. 3 | Y42: LA VICTORIA | Z42: CHICLAYO | AA42: LAMBAYEQUE | AB42: =DATEDIF(M42,TODAY(),"y")&" AÑOS" -> 39 AÑOS | AC42: TRUJILLO | AD42: SAN ANDRES | AF42: 45273 | AG42: =DATEDIF(AF42,TODAY(),"Y") -> 2 | AH42: =DATEDIF(AF42,TODAY(),"YM") -> 1 | AI42: =DATEDIF(AF42,TODAY(),"MD") -> 17
A43: 247 | B43: SAN ANDRES | C43: CENTRO MEDICO | D43: GC0000247 | F43: DNI | G43: 75262313 | H43: MANTILLA | I43: FERNANDEZ | J43: BRAYAN JESUS | K43: =CONCATENATE(H43," ",I43," ",J43) -> MANTILLA FERNANDEZ BRAYAN JESUS | L43: MASCULINO | M43: 36697 | N43: 923820806 | O43: bmantillafernandez@gmail.com | P43: MINERA AURIFERA RETAMAS S.A. | Q43: SAN ANDRES | R43: GRUPO CREDCO EMPRESA DE INGENIERIA, ARQUITECTURA Y CONSTRUCCION S.A.C. | S43: 20601242657 | T43: SUPERFICIE | U43: PROYECTOS E INFRAESTUCTURA | V43: AYUDANTE CIVIL | W43: ANCASH | X43: LAS LOMAS MZ.A LT.4 | Y43: NUEVO CHIMBOTE | Z43: SANTA | AA43: ANCASH | AB43: =DATEDIF(M43,TODAY(),"y")&" AÑOS" -> 25 AÑOS | AC43: TRUJILLO | AD43: SAN ANDRES | AF43: 45750 | AG43: =DATEDIF(AF43,TODAY(),"Y") -> 0 | AH43: =DATEDIF(AF43,TODAY(),"YM") -> 9 | AI43: =DATEDIF(AF43,TODAY(),"MD") -> 27
A44: 248 | B44: SAN ANDRES | C44: CENTRO MEDICO | D44: GC0000248 | F44: DNI | G44: 43406320 | H44: CHAVEZ | I44: MORENO | J44: ADIR ANDERZON | K44: =CONCATENATE(H44," ",I44," ",J44) -> CHAVEZ MORENO ADIR ANDERZON | L44: MASCULINO | M44: 31301 | N44: 997619156 | O44: adir.chavez.moreno11@gmail.com | P44: MINERA AURIFERA RETAMAS S.A. | Q44: SAN ANDRES | R44: GRUPO CREDCO EMPRESA DE INGENIERIA, ARQUITECTURA Y CONSTRUCCION S.A.C. | S44: 20601242657 | T44: SUPERFICIE | U44: PROYECTOS E INFRAESTUCTURA | V44: AYUDANTE CIVIL | W44: PIURA | X44: ASENT.H NUEVA ESPERANZA MZ D1 -41 | Y44: PARIÑAS | Z44: TALARA | AA44: PIURA | AB44: =DATEDIF(M44,TODAY(),"y")&" AÑOS" -> 40 AÑOS | AC44: TRUJILLO | AD44: SAN ANDRES | AF44: 45757 | AG44: =DATEDIF(AF44,TODAY(),"Y") -> 0 | AH44: =DATEDIF(AF44,TODAY(),"YM") -> 9 | AI44: =DATEDIF(AF44,TODAY(),"MD") -> 20
A45: 252 | B45: SAN ANDRES | C45: CENTRO MEDICO | D45: GC0000252 | F45: DNI | G45: 75061706 | H45: DUCOS | I45: INFANTE | J45: YOEL | K45: =CONCATENATE(H45," ",I45," ",J45) -> DUCOS INFANTE YOEL | L45: MASCULINO | M45: 37198 | N45: 983244796 | O45: ducosyoel@gmail.com | P45: MINERA AURIFERA RETAMAS S.A. | Q45: SAN ANDRES | R45: GRUPO CREDCO EMPRESA DE INGENIERIA, ARQUITECTURA Y CONSTRUCCION S.A.C. | S45: 20601242657 | T45: SUPERFICIE | U45: PROYECTOS E INFRAESTUCTURA | V45: AYUDANTE CIVIL | W45: CAJAMARCA | X45: MUNIPAMPA ALTA | Y45: CAJAMARCA | Z45: CAJAMARCA | AA45: CAJAMARCA | AB45: =DATEDIF(M45,TODAY(),"y")&" AÑOS" -> 24 AÑOS | AC45: HUAMACHUCO | AD45: SAN ANDRES | AF45: 45799 | AG45: =DATEDIF(AF45,TODAY(),"Y") -> 0 | AH45: =DATEDIF(AF45,TODAY(),"YM") -> 8 | AI45: =DATEDIF(AF45,TODAY(),"MD") -> 8
A46: 254 | B46: SAN ANDRES | C46: CENTRO MEDICO | D46: GC0000254 | F46: DNI | G46: 72882534 | H46: VENTURA | I46: ARRIBASPLATA | J46: ROBERTO ALEXANDER | K46: =CONCATENATE(H46," ",I46," ",J46) -> VENTURA ARRIBASPLATA ROBERTO ALEXANDER | L46: MASCULINO | M46: 35051 | N46: 979086341 | O46: rventuraa15@unc.edu.pe | P46: MINERA AURIFERA RETAMAS S.A. | Q46: SAN ANDRES | R46: GRUPO CREDCO EMPRESA DE INGENIERIA, ARQUITECTURA Y CONSTRUCCION S.A.C. | S46: 20601242657 | T46: SUPERFICIE | U46: PROYECTOS E INFRAESTUCTURA | V46: AYUDANTE CIVIL | W46: CAJAMARCA | X46: PROLONGACIÓN.UNIÓN 298 | Y46: CAJAMARCA | Z46: CAJAMARCA | AA46: CAJAMARCA | AB46: =DATEDIF(M46,TODAY(),"y")&" AÑOS" -> 30 AÑOS | AC46: HUAMACHUCO | AD46: SAN ANDRES | AF46: 45799 | AG46: =DATEDIF(AF46,TODAY(),"Y") -> 0 | AH46: =DATEDIF(AF46,TODAY(),"YM") -> 8 | AI46: =DATEDIF(AF46,TODAY(),"MD") -> 8
A47: 251 | B47: SAN ANDRES | C47: CENTRO MEDICO | D47: GC0000251 | F47: DNI | G47: 47482732 | H47: ALVARADO | I47: SANCHEZ | J47: VICTOR ABEL | K47: =CONCATENATE(H47," ",I47," ",J47) -> ALVARADO SANCHEZ VICTOR ABEL | L47: MASCULINO | M47: 33401 | N47: 944017196 | O47: victoralvaradovale2020@gmail.com | P47: MINERA AURIFERA RETAMAS S.A. | Q47: SAN ANDRES | R47: GRUPO CREDCO EMPRESA DE INGENIERIA, ARQUITECTURA Y CONSTRUCCION S.A.C. | S47: 20601242657 | T47: SUPERFICIE | U47: PROYECTOS E INFRAESTUCTURA | V47: OPERARIO CIVIL | W47: CAJAMARCA | X47: CASERIO LA VICTORIA | Y47: ENCAÑADA | Z47: CAJAMARCA | AA47: CAJAMARCA | AB47: =DATEDIF(M47,TODAY(),"y")&" AÑOS" -> 34 AÑOS | AC47: HUAMACHUCO | AD47: SAN ANDRES | AF47: 45799 | AG47: =DATEDIF(AF47,TODAY(),"Y") -> 0 | AH47: =DATEDIF(AF47,TODAY(),"YM") -> 8 | AI47: =DATEDIF(AF47,TODAY(),"MD") -> 8
A48: 255 | B48: SAN ANDRES | C48: CENTRO MEDICO | D48: GC0000255 | F48: DNI | G48: 74230580 | H48: HUAMAN | I48: RAMIREZ | J48: JHONATAN ALEXANDER | K48: =CONCATENATE(H48," ",I48," ",J48) -> HUAMAN RAMIREZ JHONATAN ALEXANDER | L48: MASCULINO | M48: 37427 | N48: 933470962 | O48: huamanramirezjhon96@gmail.com | P48: MINERA AURIFERA RETAMAS S.A. | Q48: SAN ANDRES | R48: GRUPO CREDCO EMPRESA DE INGENIERIA, ARQUITECTURA Y CONSTRUCCION S.A.C. | S48: 20601242657 | T48: SUPERFICIE | U48: PROYECTOS E INFRAESTUCTURA | V48: AYUDANTE CIVIL | W48: CAJAMARCA | X48: C.P TARTAR CHICO | Y48: LOS BAÑOS DEL INCA | Z48: CAJAMARCA | AA48: CAJAMARCA | AB48: =DATEDIF(M48,TODAY(),"y")&" AÑOS" -> 23 AÑOS | AC48: HUAMACHUCO | AD48: SAN ANDRES | AF48: 45801 | AG48: =DATEDIF(AF48,TODAY(),"Y") -> 0 | AH48: =DATEDIF(AF48,TODAY(),"YM") -> 8 | AI48: =DATEDIF(AF48,TODAY(),"MD") -> 6
A49: 256 | B49: SAN ANDRES | C49: CENTRO MEDICO | D49: GC0000256 | F49: DNI | G49: 71820793 | H49: CERDAN | I49: CORO | J49: JORGE LUIS | K49: =CONCATENATE(H49," ",I49," ",J49) -> CERDAN CORO JORGE LUIS | L49: MASCULINO | M49: 34873 | N49: 939987078 | O49: cerdancorojorgeluis@gmail.com | P49: MINERA AURIFERA RETAMAS S.A. | Q49: SAN ANDRES | R49: GRUPO CREDCO EMPRESA DE INGENIERIA, ARQUITECTURA Y CONSTRUCCION S.A.C. | S49: 20601242657 | T49: SUPERFICIE | U49: PROYECTOS E INFRAESTUCTURA | V49: AYUDANTE CIVIL | W49: LA LIBERTAD | X49: ASEMT.H SAN MATEO | Y49: CHEPEN | Z49: CHEPEN | AA49: LA LIBERTAD | AB49: =DATEDIF(M49,TODAY(),"y")&" AÑOS" -> 30 AÑOS | AC49: TRUJILLO | AD49: SAN ANDRES | AF49: 45828 | AG49: =DATEDIF(AF49,TODAY(),"Y") -> 0 | AH49: =DATEDIF(AF49,TODAY(),"YM") -> 7 | AI49: =DATEDIF(AF49,TODAY(),"MD") -> 10
A50: 257 | B50: SAN ANDRES | C50: CENTRO MEDICO | D50: GC0000257 | F50: DNI | G50: 71738277 | H50: CERDAN | I50: CORO | J50: EDINSON YAIR | K50: =CONCATENATE(H50," ",I50," ",J50) -> CERDAN CORO EDINSON YAIR | L50: MASCULINO | M50: 35868 | N50: 939987078 | O50: yaircerdan770@gmail.com | P50: MINERA AURIFERA RETAMAS S.A. | Q50: SAN ANDRES | R50: GRUPO CREDCO EMPRESA DE INGENIERIA, ARQUITECTURA Y CONSTRUCCION S.A.C. | S50: 20601242657 | T50: SUPERFICIE | U50: PROYECTOS E INFRAESTUCTURA | V50: AYUDANTE CIVIL | W50: LA LIBERTAD | X50: ASEMT.H SAN MATEO | Y50: CHEPEN | Z50: CHEPEN | AA50: LA LIBERTAD | AB50: =DATEDIF(M50,TODAY(),"y")&" AÑOS" -> 27 AÑOS | AC50: TRUJILLO | AD50: SAN ANDRES | AF50: 45855 | AG50: =DATEDIF(AF50,TODAY(),"Y") -> 0 | AH50: =DATEDIF(AF50,TODAY(),"YM") -> 6 | AI50: =DATEDIF(AF50,TODAY(),"MD") -> 13
A51: 258 | B51: SAN ANDRES | C51: CENTRO MEDICO | D51: GC0000258 | F51: DNI | G51: 79994041 | H51: BARDALES | I51: ARCE | J51: HERMAN MILER | K51: =CONCATENATE(H51," ",I51," ",J51) -> BARDALES ARCE HERMAN MILER | L51: MASCULINO | M51: 35962 | N51: 942346607 | O51: MILERBARDALESARCE1@GMAIL.COM | P51: MINERA AURIFERA RETAMAS S.A. | Q51: SAN ANDRES | R51: GRUPO CREDCO EMPRESA DE INGENIERIA, ARQUITECTURA Y CONSTRUCCION S.A.C. | S51: 20601242657 | T51: SUPERFICIE | U51: PROYECTOS E INFRAESTUCTURA | V51: AYUDANTE CIVIL | W51: CAJAMARCA | X51: CASERIO HIGUERON | Y51: SAN JUAN | Z51: CAJAMARCA | AA51: CAJAMARCA | AB51: =DATEDIF(M51,TODAY(),"y")&" AÑOS" -> 27 AÑOS | AC51: HUAMACHUCO | AD51: SAN ANDRES | AF51: 45862 | AG51: =DATEDIF(AF51,TODAY(),"Y") -> 0 | AH51: =DATEDIF(AF51,TODAY(),"YM") -> 6 | AI51: =DATEDIF(AF51,TODAY(),"MD") -> 6
A52: 258 | B52: SAN ANDRES | C52: CENTRO MEDICO | D52: GC0000259 | F52: DNI | G52: 45869085 | H52: MENDOZA | I52: JIMENEZ | J52: RONAL | K52: =CONCATENATE(H52," ",I52," ",J52) -> MENDOZA JIMENEZ RONAL | L52: MASCULINO | M52: 32616 | N52: 961581008 | O52: RONALMENDOZAJIMENEZ27@GMAIL.COM | P52: MINERA AURIFERA RETAMAS S.A. | Q52: SAN ANDRES | R52: GRUPO CREDCO EMPRESA DE INGENIERIA, ARQUITECTURA Y CONSTRUCCION S.A.C. | S52: 20601242657 | T52: SUPERFICIE | U52: PROYECTOS E INFRAESTUCTURA | V52: AYUDANTE CIVIL | W52: CAJAMARCA | X52: CASERIO SAN MATEO DE QUILCATE | Y52: CATILLUC | Z52: SAN MIGUEL | AA52: CAJAMARCA | AB52: =DATEDIF(M52,TODAY(),"y")&" AÑOS" -> 36 AÑOS | AC52: HUAMACHUCO | AD52: SAN ANDRES | AF52: 45897 | AG52: =DATEDIF(AF52,TODAY(),"Y") -> 0 | AH52: =DATEDIF(AF52,TODAY(),"YM") -> 5 | AI52: =DATEDIF(AF52,TODAY(),"MD") -> 2
A53: 258 | B53: SAN ANDRES | C53: CENTRO MEDICO | D53: GC0000260 | F53: DNI | G53: 71201370 | H53: GONZALES | I53: ALVARADO | J53: WILMAN PABLO | K53: =CONCATENATE(H53," ",I53," ",J53) -> GONZALES ALVARADO WILMAN PABLO | L53: MASCULINO | M53: 33883 | N53: 940759180 | O53: PABLOGONZALESALVARADO@GMAIL.COM | P53: MINERA AURIFERA RETAMAS S.A. | Q53: SAN ANDRES | R53: GRUPO CREDCO EMPRESA DE INGENIERIA, ARQUITECTURA Y CONSTRUCCION S.A.C. | S53: 20601242657 | T53: SUPERFICIE | U53: PROYECTOS E INFRAESTUCTURA | V53: AYUDANTE CIVIL | W53: CAJAMARCA | X53: PSJE.INDEPENDENCIA CDRA.8-CAJAMARCA | Y53: ENCAÑADA | Z53: CAJAMARCA | AA53: CAJAMARCA | AB53: =DATEDIF(M53,TODAY(),"y")&" AÑOS" -> 33 AÑOS | AC53: HUAMACHUCO | AD53: SAN ANDRES | AF53: 45904 | AG53: =DATEDIF(AF53,TODAY(),"Y") -> 0 | AH53: =DATEDIF(AF53,TODAY(),"YM") -> 4 | AI53: =DATEDIF(AF53,TODAY(),"MD") -> 26
... A56: 262 | B56: SAN ANDRES | C56: CENTRO MEDICO | D56: GC0000265 | F56: DNI | G56: 75089691 | H56: SANCHEZ | I56: CHAVARREA | J56: SEGUNDO DAVID | K56: =CONCATENATE(H56," ",I56," ",J56) -> SANCHEZ CHAVARREA SEGUNDO DAVID | L56: MASCULINO | M56: 35136 | N56: 902307126 | O56: segundosanchezch.12@gmail.com | P56: MINERA AURIFERA RETAMAS S.A. | Q56: SAN ANDRES | R56: GRUPO CREDCO EMPRESA DE INGENIERIA, ARQUITECTURA Y CONSTRUCCION S.A.C. | S56: 20601242657 | T56: SUPERFICIE | U56: PROYECTOS E INFRAESTUCTURA | V56: AYUDANTE CIVIL | W56: LA LIBERTAD | X56: MZ X LT 10 LAS PALMERAS | Y56: PACASMAYO | Z56: PACASMAYO | AA56: LA LIBERTAD | AB56: =DATEDIF(M56,TODAY(),"y")&" AÑOS" -> 29 AÑOS | AC56: HUAMACHUCO | AD56: SAN ANDRES | AF56: 45925 | AG56: =DATEDIF(AF56,TODAY(),"Y") -> 0 | AH56: =DATEDIF(AF56,TODAY(),"YM") -> 4 | AI56: =DATEDIF(AF56,TODAY(),"MD") -> 5
A57: 264 | B57: SAN ANDRES | C57: CENTRO MEDICO | D57: GC0000268 | F57: DNI | G57: 47988649 | H57: MENA | I57: QUILICHE | J57: ABRAHAM | K57: =CONCATENATE(H57," ",I57," ",J57) -> MENA QUILICHE ABRAHAM | L57: MASCULINO | M57: 34250 | N57: 901621652 | O57: menaquiliceabraham@gamil.com | P57: MINERA AURIFERA RETAMAS S.A. | Q57: SAN ANDRES | R57: GRUPO CREDCO EMPRESA DE INGENIERIA, ARQUITECTURA Y CONSTRUCCION S.A.C. | S57: 20601242657 | T57: SUPERFICIE | U57: PROYECTOS E INFRAESTUCTURA | V57: AYUDANTE CIVIL | W57: =AA57 -> CAJAMARCA | X57: C. POBLADO REJOPAMPA | Y57: SOROCHUCO | Z57: CELENDIN | AA57: CAJAMARCA | AB57: =DATEDIF(M57,TODAY(),"y")&" AÑOS" -> 32 AÑOS | AC57: HUAMACHUCO | AD57: SAN ANDRES | AF57: 45946 | AG57: =DATEDIF(AF57,TODAY(),"Y") -> 0 | AH57: =DATEDIF(AF57,TODAY(),"YM") -> 3 | AI57: =DATEDIF(AF57,TODAY(),"MD") -> 14
A58: 267 | B58: SAN ANDRES | C58: CENTRO MEDICO | D58: GC0000271 | F58: DNI | G58: 70671905 | H58: LÓPEZ | I58: VASQUEZ | J58: EDGAR | K58: =CONCATENATE(H58," ",I58," ",J58) -> LÓPEZ VASQUEZ EDGAR | L58: MASCULINO | M58: 36713 | N58: 965260549 | O58: lopezvasqueze55@gmail.com | P58: MINERA AURIFERA RETAMAS S.A. | Q58: SAN ANDRES | R58: GRUPO CREDCO EMPRESA DE INGENIERIA, ARQUITECTURA Y CONSTRUCCION S.A.C. | S58: 20601242657 | T58: SUPERFICIE | U58: PROYECTOS E INFRAESTUCTURA | V58: AYUDANTE CIVIL | W58: =AA58 -> LA LIBERTAD | X58: CASERIO CUSIPAMPA | Y58: CHUGAY | Z58: SANCHEZ CARRION | AA58: LA LIBERTAD | AB58: =DATEDIF(M58,TODAY(),"y")&" AÑOS" -> 25 AÑOS | AC58: HUAMACHUCO | AD58: SAN ANDRES | AF58: 45948 | AG58: =DATEDIF(AF58,TODAY(),"Y") -> 0 | AH58: =DATEDIF(AF58,TODAY(),"YM") -> 3 | AI58: =DATEDIF(AF58,TODAY(),"MD") -> 12
A59: 270 | B59: SAN ANDRES | C59: CENTRO MEDICO | D59: GC0000274 | F59: DNI | G59: 71403297 | H59: FLORES | I59: CARMONA | J59: CRISTIAN JHOEL | K59: =CONCATENATE(H59," ",I59," ",J59) -> FLORES CARMONA CRISTIAN JHOEL | L59: MASCULINO | M59: 35690 | N59: 917110810 | O59: Joel1123carmona@gmail.com | P59: MINERA AURIFERA RETAMAS S.A. | Q59: SAN ANDRES | R59: GRUPO CREDCO EMPRESA DE INGENIERIA, ARQUITECTURA Y CONSTRUCCION S.A.C. | S59: 20601242657 | T59: SUPERFICIE | U59: PROYECTOS E INFRAESTUCTURA | V59: AYUDANTE CIVIL | W59: =AA59 -> CAJAMARCA | X59: JR.PENAL S/N BR HUACARIZ | Y59: CAJAMARCA | Z59: CAJAMARCA | AA59: CAJAMARCA | AB59: =DATEDIF(M59,TODAY(),"y")&" AÑOS" -> 28 AÑOS | AC59: HUAMACHUCO | AD59: SAN ANDRES | AF59: 45955 | AG59: =DATEDIF(AF59,TODAY(),"Y") -> 0 | AH59: =DATEDIF(AF59,TODAY(),"YM") -> 3 | AI59: =DATEDIF(AF59,TODAY(),"MD") -> 5
A60: 271 | B60: SAN ANDRES | C60: CENTRO MEDICO | D60: GC0000275 | F60: DNI | G60: 23010328 | H60: CORTEZ | I60: CERQUIN | J60: CESAR EDUARDO | K60: =CONCATENATE(H60," ",I60," ",J60) -> CORTEZ CERQUIN CESAR EDUARDO | M60: 45962 | N60: 990854966 | O60: EduardoCC_333@hotmail.com | P60: MINERA AURIFERA RETAMAS S.A. | Q60: SAN ANDRES | R60: GRUPO CREDCO EMPRESA DE INGENIERIA, ARQUITECTURA Y CONSTRUCCION S.A.C. | S60: 20601242657 | T60: SUPERFICIE | U60: PROYECTOS E INFRAESTUCTURA | V60: AYUDANTE CIVIL | W60: =AA60 -> CAJAMARCA | X60: AV. VIA EVITAMIENTO NORTE 2264 URB SAN ROQUE | Y60: CAJAMARCA | Z60: CAJAMARCA | AA60: CAJAMARCA | AB60: =DATEDIF(M60,TODAY(),"y")&" AÑOS" -> 0 AÑOS | AC60: HUAMACHUCO | AD60: SAN ANDRES | AF60: 45962 | AG60: =DATEDIF(AF60,TODAY(),"Y") -> 0 | AH60: =DATEDIF(AF60,TODAY(),"YM") -> 2 | AI60: =DATEDIF(AF60,TODAY(),"MD") -> 29
A61: 272 | B61: SAN ANDRES | C61: CENTRO MEDICO | D61: GC0000276 | F61: DNI | G61: 44332482 | H61: INFANTE | I61: GUEVARA | J61: LESEM YONATAN | K61: =CONCATENATE(H61," ",I61," ",J61) -> INFANTE GUEVARA LESEM YONATAN | M61: 31491 | N61: 96133843 | O61: Leseminfante@gmail.com | P61: MINERA AURIFERA RETAMAS S.A. | Q61: SAN ANDRES | R61: GRUPO CREDCO EMPRESA DE INGENIERIA, ARQUITECTURA Y CONSTRUCCION S.A.C. | S61: 20601242657 | T61: SUPERFICIE | U61: PROYECTOS E INFRAESTUCTURA | V61: AYUDANTE CIVIL | W61: CAJAMARCA | X61: CASERIO VENTANILLAS | Y61: YONAN | Z61: CONTUMAZA | AA61: CAJAMARCA | AB61: =DATEDIF(M61,TODAY(),"y")&" AÑOS" -> 39 AÑOS | AC61: TRUJILLO | AD61: SAN ANDRES | AF61: 45960 | AG61: =DATEDIF(AF61,TODAY(),"Y") -> 0 | AH61: =DATEDIF(AF61,TODAY(),"YM") -> 3 | AI61: =DATEDIF(AF61,TODAY(),"MD") -> 0
A62: 273 | B62: SAN ANDRES | C62: CENTRO MEDICO | D62: GC0000277 | F62: DNI | G62: 77425660 | H62: PACHAMANGO | I62: DIAZ | J62: JUAN | K62: =CONCATENATE(H62," ",I62," ",J62) -> PACHAMANGO DIAZ JUAN | M62: 37196 | N62: 99247095 | O62: Juanpachamangodiaz66@gmail.com | P62: MINERA AURIFERA RETAMAS S.A. | Q62: SAN ANDRES | R62: GRUPO CREDCO EMPRESA DE INGENIERIA, ARQUITECTURA Y CONSTRUCCION S.A.C. | S62: 20601242657 | T62: SUPERFICIE | U62: PROYECTOS E INFRAESTUCTURA | V62: AYUDANTE CIVIL | W62: CAJAMARCA | X62: LOS BAÑOS DEL INCA | Y62: LOS BAÑOS DEL INCA | Z62: CAJAMARCA | AA62: CAJAMARCA | AB62: =DATEDIF(M62,TODAY(),"y")&" AÑOS" -> 24 AÑOS | AC62: HUAMACHUCO | AD62: SAN ANDRES | AF62: 45962 | AG62: =DATEDIF(AF62,TODAY(),"Y") -> 0 | AH62: =DATEDIF(AF62,TODAY(),"YM") -> 2 | AI62: =DATEDIF(AF62,TODAY(),"MD") -> 29
A63: 274 | B63: SAN ANDRES | C63: CENTRO MEDICO | D63: GC0000278 | F63: DNI | G63: 45346039 | H63: PEREZ | I63: RODAS | J63: HERMAN DOMINGO | K63: =CONCATENATE(H63," ",I63," ",J63) -> PEREZ RODAS HERMAN DOMINGO | M63: 29575 | N63: 97875157 | O63: hermanperez914@gmail.com | P63: MINERA AURIFERA RETAMAS S.A. | Q63: SAN ANDRES | R63: GRUPO CREDCO EMPRESA DE INGENIERIA, ARQUITECTURA Y CONSTRUCCION S.A.C. | S63: 20601242657 | T63: SUPERFICIE | U63: PROYECTOS E INFRAESTUCTURA | V63: AYUDANTE CIVIL | W63: CAJAMARCA | X63: CASERIO EL MUTISH | Y63: SAN MIGUEL | Z63: SAN MIGUEL | AA63: CAJAMARCA | AB63: =DATEDIF(M63,TODAY(),"y")&" AÑOS" -> 45 AÑOS | AC63: HUAMACHUCO | AD63: SAN ANDRES | AF63: 45962 | AG63: =DATEDIF(AF63,TODAY(),"Y") -> 0 | AH63: =DATEDIF(AF63,TODAY(),"YM") -> 2 | AI63: =DATEDIF(AF63,TODAY(),"MD") -> 29
A64: 275 | B64: SAN ANDRES | C64: CENTRO MEDICO | D64: GC0000279 | F64: DNI | G64: 77705545 | H64: VARGAS | I64: URBINA | J64: JHOM FRANKLIN | K64: =CONCATENATE(H64," ",I64," ",J64) -> VARGAS URBINA JHOM FRANKLIN | M64: 35066 | N64: 935608207 | O64: jhomurbina08@gmail.com | P64: MINERA AURIFERA RETAMAS S.A. | Q64: SAN ANDRES | R64: GRUPO CREDCO EMPRESA DE INGENIERIA, ARQUITECTURA Y CONSTRUCCION S.A.C. | S64: 20601242657 | T64: SUPERFICIE | U64: PROYECTOS E INFRAESTUCTURA | V64: AYUDANTE CIVIL | W64: CAJAMARCA | X64: C.P. CHOLOCAL | Y64: CACHACHI | Z64: CAJAMARCA | AA64: CAJAMARCA | AB64: =DATEDIF(M64,TODAY(),"y")&" AÑOS" -> 30 AÑOS | AC64: HUAMACHUCO | AD64: SAN ANDRES | AF64: 45960 | AG64: =DATEDIF(AF64,TODAY(),"Y") -> 0 | AH64: =DATEDIF(AF64,TODAY(),"YM") -> 3 | AI64: =DATEDIF(AF64,TODAY(),"MD") -> 0
A65: 277 | B65: SAN ANDRES | C65: CENTRO MEDICO | D65: GC0000280 | F65: DNI | G65: 76862919 | H65: SORIANO | I65: TANTA | J65: MANUEL | K65: =CONCATENATE(H65," ",I65," ",J65) -> SORIANO TANTA MANUEL | M65: 36787 | N65: 941280713 | O65: sorianotantamanuel@gmail.com | P65: MINERA AURIFERA RETAMAS S.A. | Q65: SAN ANDRES | R65: GRUPO CREDCO EMPRESA DE INGENIERIA, ARQUITECTURA Y CONSTRUCCION S.A.C. | S65: 20601242657 | T65: SUPERFICIE | U65: PROYECTOS E INFRAESTUCTURA | V65: AYUDANTE CIVIL | W65: CAJAMARCA | X65: CO. PORCONCILLO ALTO | Y65: CAJAMARCA | Z65: CAJAMARCA | AA65: CAJAMARCA | AB65: =DATEDIF(M65,TODAY(),"y")&" AÑOS" -> 25 AÑOS | AC65: HUAMACHUCO | AD65: SAN ANDRES | AF65: 45967 | AG65: =DATEDIF(AF65,TODAY(),"Y") -> 0 | AH65: =DATEDIF(AF65,TODAY(),"YM") -> 2 | AI65: =DATEDIF(AF65,TODAY(),"MD") -> 24
A66: 279 | B66: SAN ANDRES | C66: CENTRO MEDICO | D66: GC0000282 | F66: DNI | G66: 46790663 | H66: VASQUEZ | I66: HUAMAN | J66: WILLIAM JOEL | K66: =CONCATENATE(H66," ",I66," ",J66) -> VASQUEZ HUAMAN WILLIAM JOEL | M66: 33277 | N66: 955769367 | O66: joel19_45@gmail.com | P66: MINERA AURIFERA RETAMAS S.A. | Q66: SAN ANDRES | R66: GRUPO CREDCO EMPRESA DE INGENIERIA, ARQUITECTURA Y CONSTRUCCION S.A.C. | S66: 20601242657 | T66: SUPERFICIE | U66: PROYECTOS E INFRAESTUCTURA | V66: AYUDANTE CIVIL | W66: CAJAMARCA | X66: JR.CALISPUQUI 363 C-9 SANTA ELENA ALTA | Y66: CAJAMARCA | Z66: CAJAMARCA | AA66: CAJAMARCA | AB66: =DATEDIF(M66,TODAY(),"y")&" AÑOS" -> 34 AÑOS | AC66: HUAMACHUCO | AD66: SAN ANDRES | AF66: 45967 | AG66: =DATEDIF(AF66,TODAY(),"Y") -> 0 | AH66: =DATEDIF(AF66,TODAY(),"YM") -> 2 | AI66: =DATEDIF(AF66,TODAY(),"MD") -> 24
A67: 281 | B67: SAN ANDRES | C67: CENTRO MEDICO | D67: GC0000284 | F67: DNI | G67: 47252967 | H67: GAMBOA | I67: TALAVERA | J67: HAROLD BRYAN | K67: =CONCATENATE(H67," ",I67," ",J67) -> GAMBOA TALAVERA HAROLD BRYAN | M67: 33410 | N67: 915235295 | O67: harold210691@gmail.com | P67: MINERA AURIFERA RETAMAS S.A. | Q67: SAN ANDRES | R67: GRUPO CREDCO EMPRESA DE INGENIERIA, ARQUITECTURA Y CONSTRUCCION S.A.C. | S67: 20601242657 | T67: SUPERFICIE | U67: PROYECTOS E INFRAESTUCTURA | V67: AYUDANTE CIVIL | W67: LIMA | X67: CALLE 5 MZ E LT 23 ASENT.H.SAN ANTONIO | Y67: ATE | Z67: LIMA | AA67: LIMA | AB67: =DATEDIF(M67,TODAY(),"y")&" AÑOS" -> 34 AÑOS | AC67: TRUJILLO | AD67: SAN ANDRES | AF67: 45981 | AG67: =DATEDIF(AF67,TODAY(),"Y") -> 0 | AH67: =DATEDIF(AF67,TODAY(),"YM") -> 2 | AI67: =DATEDIF(AF67,TODAY(),"MD") -> 10
A68: 282 | B68: SAN ANDRES | C68: CENTRO MEDICO | D68: GC0000285 | F68: DNI | G68: 73828995 | H68: VIVANCO | I68: LEON | J68: DIEGO LEONEL | K68: =CONCATENATE(H68," ",I68," ",J68) -> VIVANCO LEON DIEGO LEONEL | M68: 38190 | N68: 914764014 | O68: diegovivancol220704@gmail.com | P68: MINERA AURIFERA RETAMAS S.A. | Q68: SAN ANDRES | R68: GRUPO CREDCO EMPRESA DE INGENIERIA, ARQUITECTURA Y CONSTRUCCION S.A.C. | S68: 20601242657 | T68: SUPERFICIE | U68: PROYECTOS E INFRAESTUCTURA | V68: AYUDANTE CIVIL | W68: LIMA | X68: A.H.TUPAC AMARUC MZ B LT 10 | Y68: ATE | Z68: LIMA | AA68: LIMA | AB68: =DATEDIF(M68,TODAY(),"y")&" AÑOS" -> 21 AÑOS | AC68: TRUJILLO | AD68: SAN ANDRES | AF68: 45988 | AG68: =DATEDIF(AF68,TODAY(),"Y") -> 0 | AH68: =DATEDIF(AF68,TODAY(),"YM") -> 2 | AI68: =DATEDIF(AF68,TODAY(),"MD") -> 3
A69: 283 | B69: SAN ANDRES | C69: CENTRO MEDICO | D69: GC0000286 | F69: DNI | G69: 71140416 | H69: ESPINOZA | I69: RODAS | J69: GLEISER ANIBAL | K69: =CONCATENATE(H69," ",I69," ",J69) -> ESPINOZA RODAS GLEISER ANIBAL | M69: 35758 | N69: 947030035 | O69: gleiserespinozarodas@gmail.com | P69: MINERA AURIFERA RETAMAS S.A. | Q69: SAN ANDRES | R69: GRUPO CREDCO EMPRESA DE INGENIERIA, ARQUITECTURA Y CONSTRUCCION S.A.C. | S69: 20601242657 | T69: SUPERFICIE | U69: PROYECTOS E INFRAESTUCTURA | V69: AYUDANTE CIVIL | W69: CAJAMARCA | X69: CASERIO EL MUTISH | Y69: SAN MIGUEL | Z69: SAN MIGUEL | AA69: CAJAMARCA | AB69: =DATEDIF(M69,TODAY(),"y")&" AÑOS" -> 28 AÑOS | AC69: HUAMACHUCO | AD69: SAN ANDRES | AF69: 45988 | AG69: =DATEDIF(AF69,TODAY(),"Y") -> 0 | AH69: =DATEDIF(AF69,TODAY(),"YM") -> 2 | AI69: =DATEDIF(AF69,TODAY(),"MD") -> 3
A70: 284 | B70: SAN ANDRES | C70: CENTRO MEDICO | D70: GC0000287 | F70: DNI | G70: 41287709 | H70: TACILLA | I70: CHAUPE | J70: ROBERTO | K70: =CONCATENATE(H70," ",I70," ",J70) -> TACILLA CHAUPE ROBERTO | M70: 29842 | N70: 978685983 | O70: tacillachaupe-13@gmail.com | P70: MINERA AURIFERA RETAMAS S.A. | Q70: SAN ANDRES | R70: GRUPO CREDCO EMPRESA DE INGENIERIA, ARQUITECTURA Y CONSTRUCCION S.A.C. | S70: 20601242657 | T70: SUPERFICIE | U70: PROYECTOS E INFRAESTUCTURA | V70: AYUDANTE CIVIL | W70: CAJAMARCA | X70: CASERIO CHUGURMAYO | Y70: SOROCHUCO | Z70: CELENDIN | AA70: CAJAMARCA | AB70: =DATEDIF(M70,TODAY(),"y")&" AÑOS" -> 44 AÑOS | AC70: HUAMACHUCO | AD70: SAN ANDRES | AF70: 45990 | AG70: =DATEDIF(AF70,TODAY(),"Y") -> 0 | AH70: =DATEDIF(AF70,TODAY(),"YM") -> 2 | AI70: =DATEDIF(AF70,TODAY(),"MD") -> 1
A71: 285 | B71: SAN ANDRES | C71: CENTRO MEDICO | D71: GC0000288 | F71: DNI | G71: 75716081 | H71: SALAZAR | I71: CHILON | J71: PEDRO | K71: =CONCATENATE(H71," ",I71," ",J71) -> SALAZAR CHILON PEDRO | M71: 34737 | N71: 910726599 | O71: Pedrosalazarchilon40@gmail.com | P71: MINERA AURIFERA RETAMAS S.A. | Q71: SAN ANDRES | R71: GRUPO CREDCO EMPRESA DE INGENIERIA, ARQUITECTURA Y CONSTRUCCION S.A.C. | S71: 20601242657 | T71: SUPERFICIE | U71: PROYECTOS E INFRAESTUCTURA | V71: AYUDANTE CIVIL | W71: CAJAMARCA | X71: CASERIO CONDORPAMPA | Y71: CAJAMARCA | Z71: CAJAMARCA | AA71: CAJAMARCA | AB71: =DATEDIF(M71,TODAY(),"y")&" AÑOS" -> 30 AÑOS | AC71: HUAMACHUCO | AD71: SAN ANDRES | AF71: 46002 | AG71: =DATEDIF(AF71,TODAY(),"Y") -> 0 | AH71: =DATEDIF(AF71,TODAY(),"YM") -> 1 | AI71: =DATEDIF(AF71,TODAY(),"MD") -> 19
A72: 286 | B72: SAN ANDRES | C72: CENTRO MEDICO | D72: GC0000289 | F72: DNI | G72: 71766968 | H72: CASTREJON | I72: CASTREJON | J72: JESUS DAVID | K72: =CONCATENATE(H72," ",I72," ",J72) -> CASTREJON CASTREJON JESUS DAVID | M72: 36379 | N72: 921194256 | O72: davidcastrejoncastrejon65@gmail.com | P72: MINERA AURIFERA RETAMAS S.A. | Q72: SAN ANDRES | R72: GRUPO CREDCO EMPRESA DE INGENIERIA, ARQUITECTURA Y CONSTRUCCION S.A.C. | S72: 20601242657 | T72: SUPERFICIE | U72: PROYECTOS E INFRAESTUCTURA | V72: OFICIAL CIVIL | W72: CAJAMARCA | X72: CASERIO CHOTEN | Y72: SAN JUAN | Z72: CAJAMARCA | AA72: CAJAMARCA | AB72: =DATEDIF(M72,TODAY(),"y")&" AÑOS" -> 26 AÑOS | AC72: HUAMACHUCO | AD72: SAN ANDRES | AF72: 46009 | AG72: =DATEDIF(AF72,TODAY(),"Y") -> 0 | AH72: =DATEDIF(AF72,TODAY(),"YM") -> 1 | AI72: =DATEDIF(AF72,TODAY(),"MD") -> 12
... A78: 292 | B78: SAN ANDRES | C78: CENTRO MEDICO | D78: GC0000294 | F78: DNI | G78: 75162616 | H78: CORDOVA | I78: RODRIGUEZ | J78: VICTOR MANUEL | K78: =CONCATENATE(H78," ",I78," ",J78) -> CORDOVA RODRIGUEZ VICTOR MANUEL | M78: 36290 | N78: 970802636 | O78: victorcordovarodriguez99@gmail.com | P78: MINERA AURIFERA RETAMAS S.A. | Q78: SAN ANDRES | R78: GRUPO CREDCO EMPRESA DE INGENIERIA, ARQUITECTURA Y CONSTRUCCION S.A.C. | S78: 20601242659 | T78: SUPERFICIE | U78: PROYECTOS E INFRAESTUCTURA | V78: AYUDANTE CIVIL | W78: APURIMAC | X78: CALLE RAMON CASTILLA S/N ASENT H TUPAC AMARU | Y78: SANTIAGO DE CAO | Z78: ASCOPE | AA78: LA LIBERTAD | AB78: =DATEDIF(M78,TODAY(),"y")&" AÑOS" -> 26 AÑOS | AC78: TRUJILLO | AD78: SAN ANDRES | AF78: 46023 | AG78: =DATEDIF(AF78,TODAY(),"Y") -> 0 | AH78: =DATEDIF(AF78,TODAY(),"YM") -> 0 | AI78: =DATEDIF(AF78,TODAY(),"MD") -> 29
A79: 293 | B79: SAN ANDRES | C79: CENTRO MEDICO | F79: DNI | G79: 72418221 | H79: SALCEDO | I79: LOBATO | J79: YOSVIL ESTANGLY | K79: =CONCATENATE(H79," ",I79," ",J79) -> SALCEDO LOBATO YOSVIL ESTANGLY | M79: 34680 | N79: 948781947 | O79: Yosvil.lobato@gmail.com | P79: MINERA AURIFERA RETAMAS S.A. | Q79: SAN ANDRES | R79: GRUPO CREDCO EMPRESA DE INGENIERIA, ARQUITECTURA Y CONSTRUCCION S.A.C. | S79: 20601242660 | T79: SUPERFICIE | U79: PROYECTOS E INFRAESTUCTURA | V79: AYUDANTE CIVIL | W79: LA LIBERTAD | X79: PROLONGACIÓN AV. PERÚ C-2 CAJAMARCA | Y79: VICTOR LARCO HERRERA | Z79: TRUJILLO | AA79: LA LIBERTAD | AB79: =DATEDIF(M79,TODAY(),"y")&" AÑOS" -> 31 AÑOS | AC79: HUAMACHUCO | AD79: SAN ANDRES | AF79: 46044 | AG79: =DATEDIF(AF79,TODAY(),"Y") -> 0 | AH79: =DATEDIF(AF79,TODAY(),"YM") -> 0 | AI79: =DATEDIF(AF79,TODAY(),"MD") -> 8
A80: 294 | B80: SAN ANDRES | C80: CENTRO MEDICO | F80: DNI | G80: 70366885 | H80: BASILIO | I80: CASTILLO | J80: CARLOS JOAQUIN | K80: =CONCATENATE(H80," ",I80," ",J80) -> BASILIO CASTILLO CARLOS JOAQUIN | M80: 38103 | N80: 993204902 | O80: carlitos.baca26@gmail.com | P80: MINERA AURIFERA RETAMAS S.A. | Q80: SAN ANDRES | R80: GRUPO CREDCO EMPRESA DE INGENIERIA, ARQUITECTURA Y CONSTRUCCION S.A.C. | S80: 20601242661 | T80: SUPERFICIE | U80: PROYECTOS E INFRAESTUCTURA | V80: AYUDANTE CIVIL | W80: APURIMAC | X80: Mz A Lt 18 Urb Rosas de América II | Y80: TRUJILLO | Z80: TRUJILLO | AA80: LA LIBERTAD | AB80: =DATEDIF(M80,TODAY(),"y")&" AÑOS" -> 21 AÑOS | AC80: TRUJILLO | AD80: SAN ANDRES | AF80: 46044 | AG80: =DATEDIF(AF80,TODAY(),"Y") -> 0 | AH80: =DATEDIF(AF80,TODAY(),"YM") -> 0 | AI80: =DATEDIF(AF80,TODAY(),"MD") -> 8

Sheet PERSONAL CESADO
H3: PERSONAL DE BAJA
A4: N° | B4: SEDE | C4: CLÍNICA | D4: CODIGO | E4: FECHA DE ATENCION (dd/mm/yyyy) | F4: TIPO DOCUMENTO | G4: NRO DOCUMENTO | H4: APELLIDO PATERNO | I4: APELLIDO MATERNO | J4: NOMBRES | K4: APELLIDOS Y NOMBRES COMPLETOS (NO TOCAR ESTA FILA) | L4: SEXO | M4: FECHA NACIMIENTO (dd/mm/aaaa) | N4: CELULAR | O4: CORREO | P4: COMPAÑÍA | Q4: UNIDAD | R4: EMPRESA CONTRATISTA | S4: RUC (Empresa Contratista) | T4: ZONA DE TRABAJO | U4: AREA DE TRABAJO | V4: PUESTO | W4: UBICACIÓN | X4: DIRECCION | Y4: DISTRITO | Z4: PROVINCIA | AA4: DEPARTAMENTO | AB4: EDAD | AC4: DESTINO | AD4: LUGAR DE EMBARQUE (SAN ANDRES, BUENOS AIRES, CEO, CHILCAS OESTE) | AE4: STATUS P1, P2, P3, P4, INMUNE | AF4: FECHA DE INGRESO | AG4: TIEMPO EN UNIDAD | AJ4: FECHA DE BAJA | AK4: OBSERVACIONES
A5: 1 | B5: SAN ANDRES | C5: CENTRO MEDICO | D5: GC0000001 | F5: DNI | G5: 42293346 | H5: MAYTA | I5: PACHECO | J5: ERICK ANTHONY | K5: =CONCATENATE(H5," ",I5," ",J5) -> MAYTA PACHECO ERICK ANTHONY | L5: MASCULINO | M5: 30695 | N5: 987782404 | O5: erick.mayta@grupocredco.com | P5: MINERA AURIFERA RETAMAS S.A. | Q5: SAN ANDRES | R5: GRUPO CREDCO EMPRESA DE INGENIERIA, ARQUITECTURA Y CONSTRUCCION S.A.C. | S5: 20601242657 | T5: SUPERFICIE | U5: PROYECTOS E INFRAESTUCTURA | V5: RESIDENTE DE OBRA | W5: CAJAMARCA | X5: URB. RAMON CASTILLA PSJ. JAEN 131 | Y5: CAJAMARCA | Z5: CAJAMARCA | AA5: CAJAMARCA | AB5: 37 | AC5: HUAMACHUCO | AD5: SAN ANDRES | AF5: 44253
A6: 3 | B6: SAN ANDRES | C6: CENTRO MEDICO | D6: GC0000006 | F6: DNI | G6: 08067813 | H6: VERAMENDI | I6: FLORES | J6: ROBERTO GERMAN | K6: =CONCATENATE(H6," ",I6," ",J6) -> VERAMENDI FLORES ROBERTO GERMAN | L6: MASCULINO | M6: 23493 | N6: 987782404 | O6: roberto.veramendi@gruócredco.com | P6: MINERA AURIFERA RETAMAS S.A. | Q6: SAN ANDRES | R6: GRUPO CREDCO EMPRESA DE INGENIERIA, ARQUITECTURA Y CONSTRUCCION S.A.C. | S6: 20601242657 | T6: SUPERFICIE | U6: PROYECTOS E INFRAESTUCTURA | V6: RESIDENTE DE OBRA | W6: LIMA | X6: A.A. HH. "VALLE HERMOSO" 3ERA ZONA COLLIQUE-COMAS | Y6: COMAS | Z6: LIMA | AA6: LIMA | AB6: 57 | AC6: TRUJILLO | AD6: SAN ANDRES | AF6: 44258
A7: 4 | B7: SAN ANDRES | C7: CENTRO MEDICO | D7: GC0000024 | F7: DNI | G7: 73772552 | H7: BOCANEGRA | I7: MIRANDA | J7: AYLTHON ELMAN | K7: =CONCATENATE(H7," ",I7," ",J7) -> BOCANEGRA MIRANDA AYLTHON ELMAN | L7: MASCULINO | M7: 35618 | N7: 955662120 | O7: ayltbm@gmail.com. RENUNCIO | P7: MINERA AURIFERA RETAMAS S.A. | Q7: SAN ANDRES | R7: GRUPO CREDCO EMPRESA DE INGENIERIA, ARQUITECTURA Y CONSTRUCCION S.A.C. | S7: 20601242662 | T7: SUPERFICIE | U7: PROYECTOS E INFRAESTUCTURA | V7: ASISTENTE DE OBRA | W7: TRUJILLO | X7: AV. LA MARINA 46 PISO 1 CURVA SUN | Y7: TRUJILLO | Z7: TRUJILLO | AA7: LA LIBERTAD | AB7: 23 | AC7: UNIDAD MINERA | AD7: TRUJILLO
A8: 10 | B8: SAN ANDRES | C8: CENTRO MEDICO | D8: GC0000004 | F8: DNI | G8: 71832253 | H8: COLORADO | I8: ESCOBAL | J8: RONALDINI | K8: =CONCATENATE(H8," ",I8," ",J8) -> COLORADO ESCOBAL RONALDINI | L8: MASCULINO | M8: 36291 | N8: 997154038 | O8: RENUNCIO | P8: MINERA AURIFERA RETAMAS S.A. | Q8: SAN ANDRES | R8: GRUPO CREDCO EMPRESA DE INGENIERIA, ARQUITECTURA Y CONSTRUCCION S.A.C. | S8: 20601242662 | T8: SUPERFICIE | U8: PROYECTOS E INFRAESTUCTURA | V8: PEON CIVIL | W8: CAJAMARCA | X8: CASERIO LAGUNA SANTA URSULA | Y8: CAJAMARCA | Z8: CAJAMARCA | AA8: CAJAMARCA | AB8: 21 | AC8: UNIDAD MINERA | AD8: TRUJILLO
A9: 11 | B9: SAN ANDRES | C9: CENTRO MEDICO | D9: GC0000008 | F9: DNI | G9: 40990473 | H9: CUEVA | I9: CUEVA | J9: LUIS | K9: =CONCATENATE(H9," ",I9," ",J9) -> CUEVA CUEVA LUIS | L9: MASCULINO | M9: 28744 | N9: 976563836 | O9: RENUNCIO | P9: MINERA AURIFERA RETAMAS S.A. | Q9: SAN ANDRES | R9: GRUPO CREDCO EMPRESA DE INGENIERIA, ARQUITECTURA Y CONSTRUCCION S.A.C. | S9: 20601242657 | T9: SUPERFICIE | U9: PROYECTOS E INFRAESTUCTURA | V9: OPERARIO CIVIL | W9: CAJAMARCA | X9: CASERIO PORCONCILLO | Y9: CAJAMARCA | Z9: CAJAMARCA | AA9: CAJAMARCA | AB9: 42 | AC9: UNIDAD MINERA | AD9: TRUJILLO
A10: 12 | B10: SAN ANDRES | C10: CENTRO MEDICO | D10: GC0000010 | F10: DNI | G10: 72426561 | H10: CUEVA | I10: HAUMAN | J10: WILMER LUIS | K10: =CONCATENATE(H10," ",I10," ",J10) -> CUEVA HAUMAN WILMER LUIS | L10: MASCULINO | M10: 36144 | N10: 950526271 | O10: RENUNCIO | P10: MINERA AURIFERA RETAMAS S.A. | Q10: SAN ANDRES | R10: GRUPO CREDCO EMPRESA DE INGENIERIA, ARQUITECTURA Y CONSTRUCCION S.A.C. | S10: 20601242657 | T10: SUPERFICIE | U10: PROYECTOS E INFRAESTUCTURA | V10: PEON CIVIL | W10: CAJAMARCA | X10: CASERIO PORCONCILLO | Y10: CAJAMARCA | Z10: CAJAMARCA | AA10: CAJAMARCA | AB10: 22 | AC10: UNIDAD MINERA | AD10: TRUJILLO
A11: 13 | B11: SAN ANDRES | C11: CENTRO MEDICO | D11: GC0000018 | F11: DNI | G11: 80626308 | H11: CUEVA | I11: ISPILCO | J11: JOSE ELIGIO | K11: =CONCATENATE(H11," ",I11," ",J11) -> CUEVA ISPILCO JOSE ELIGIO | L11: MASCULINO | M11: 28827 | N11: 976500940 | O11: RENUNCIO | P11: MINERA AURIFERA RETAMAS S.A. | Q11: SAN ANDRES | R11: GRUPO CREDCO EMPRESA DE INGENIERIA, ARQUITECTURA Y CONSTRUCCION S.A.C. | S11: 20601242657 | T11: SUPERFICIE | U11: PROYECTOS E INFRAESTUCTURA | V11: ASISTENTE TECNICO CIVIL | W11: CAJAMARCA | X11: Centro Poblado Porcon Bajo | Y11: CAJAMARCA | Z11: CAJAMARCA | AA11: CAJAMARCA | AB11: 42 | AC11: UNIDAD MINERA | AD11: TRUJILLO
A12: 14 | B12: SAN ANDRES | C12: CENTRO MEDICO | D12: GC0000020 | F12: DNI | G12: 46973132 | H12: INFANTE | I12: INFANTE | J12: NESTOR | K12: =CONCATENATE(H12," ",I12," ",J12) -> INFANTE INFANTE NESTOR | L12: MASCULINO | M12: 33546 | N12: 943413773 | O12: RENUNCIO | P12: MINERA AURIFERA RETAMAS S.A. | Q12: SAN ANDRES | R12: GRUPO CREDCO EMPRESA DE INGENIERIA, ARQUITECTURA Y CONSTRUCCION S.A.C. | S12: 20601242657 | T12: SUPERFICIE | U12: PROYECTOS E INFRAESTUCTURA | V12: ASISTENTE TECNICO CIVIL | W12: CAJAMARCA | X12: CA. Caserio Unigan | Y12: CAJAMARCA | Z12: CAJAMARCA | AA12: CAJAMARCA | AB12: 29 | AC12: UNIDAD MINERA | AD12: TRUJILLO
A13: 16 | B13: SAN ANDRES | C13: CENTRO MEDICO | D13: GC0000015 | F13: DNI | G13: 80610247 | H13: MESTANZA | I13: CALDERON | J13: CARMELO | K13: =CONCATENATE(H13," ",I13," ",J13) -> MESTANZA CALDERON CARMELO | L13: MASCULINO | M13: 29050 | N13: 950819893 | O13: RENUNCIO | P13: MINERA AURIFERA RETAMAS S.A. | Q13: SAN ANDRES | R13: GRUPO CREDCO EMPRESA DE INGENIERIA, ARQUITECTURA Y CONSTRUCCION S.A.C. | S13: 20601242657 | T13: SUPERFICIE | U13: PROYECTOS E INFRAESTUCTURA | V13: TECNICO CIVIL | W13: CAJAMARCA | X13: Caserio chigden | Y13: CAJAMARCA | Z13: CAJAMARCA | AA13: CAJAMARCA | AB13: 41 | AC13: UNIDAD MINERA | AD13: TRUJILLO
A14: 19 | B14: SAN ANDRES | C14: CENTRO MEDICO | D14: GC0000021 | F14: DNI | G14: 71770676 | H14: SALAZAR | I14: ARCE | J14: GINO | K14: =CONCATENATE(H14," ",I14," ",J14) -> SALAZAR ARCE GINO | L14: MASCULINO | M14: 36139 | N14: 953944807 | O14: RENUNCIO | P14: MINERA AURIFERA RETAMAS S.A. | Q14: SAN ANDRES | R14: GRUPO CREDCO EMPRESA DE INGENIERIA, ARQUITECTURA Y CONSTRUCCION S.A.C. | S14: 20601242657 | T14: SUPERFICIE | U14: PROYECTOS E INFRAESTUCTURA | V14: PEONCIVIL | W14: CAJAMARCA | X14: Caserio chigden | Y14: CAJAMARCA | Z14: CAJAMARCA | AA14: CAJAMARCA | AB14: 22 | AC14: UNIDAD MINERA | AD14: TRUJILLO
A15: 20 | B15: SAN ANDRES | C15: CENTRO MEDICO | D15: GC0000023 | F15: DNI | G15: 76769149 | H15: CHUQUIMANGO | I15: LOPEZ | J15: GENARO | K15: =CONCATENATE(H15," ",I15," ",J15) -> CHUQUIMANGO LOPEZ GENARO | L15: MASCULINO | M15: 35525 | N15: 913237775 | O15: RENUNCIO | P15: MINERA AURIFERA RETAMAS S.A. | Q15: SAN ANDRES | R15: GRUPO CREDCO EMPRESA DE INGENIERIA, ARQUITECTURA Y CONSTRUCCION S.A.C. | S15: 20601242657 | T15: SUPERFICIE | U15: PROYECTOS E INFRAESTUCTURA | V15: PEON CIVIL | W15: CAJAMARCA | X15: Jiron los frailones S/N Lt. Los Angeles | Y15: CAJAMARCA | Z15: CAJAMARCA | AA15: CAJAMARCA | AB15: 23 | AC15: UNIDAD MINERA | AD15: TRUJILLO
A16: 21 | B16: SAN ANDRES | C16: CENTRO MEDICO | D16: AFILIADO | F16: DNI | G16: 43718042 | H16: MATEO | I16: TANTACHUCO | J16: JORGE JAVIER | K16: =CONCATENATE(H16," ",I16," ",J16) -> MATEO TANTACHUCO JORGE JAVIER | L16: MASCULINO | M16: 31528 | N16: 941535850 | O16: RENUNCIO | P16: MINERA AURIFERA RETAMAS S.A. | Q16: SAN ANDRES | R16: GRUPO CREDCO EMPRESA DE INGENIERIA, ARQUITECTURA Y CONSTRUCCION S.A.C. | S16: 20601242657 | T16: SUPERFICIE | U16: PROYECTOS E INFRAESTUCTURA | V16: CAPATAZ | W16: TRUJILLO | X16: Jose Balta 145 | Y16: REQUE | Z16: CHICLAYO | AA16: LAMBAYEQUE | AB16: 34 | AC16: UNIDAD MINERA | AD16: TRUJILLO
A17: 1 | B17: SAN ANDRES | C17: CENTRO MEDICO | D17: GC0000032 | F17: DNI | G17: 40756835 | H17: TERAN | I17: HUAMAN | J17: OSCAR | K17: =CONCATENATE(H17," ",I17," ",J17) -> TERAN HUAMAN OSCAR | L17: MASCULINO | M17: 32868 | N17: 917029852 | O17: RENUNCIO | P17: MINERA AURIFERA RETAMAS S.A. | Q17: SAN ANDRES | R17: GRUPO CREDCO EMPRESA DE INGENIERIA, ARQUITECTURA Y CONSTRUCCION S.A.C. | S17: 20601242657 | T17: SUPERFICIE | U17: PROYECTOS E INFRAESTUCTURA | V17: TECNICO CIVIL | W17: TRUJILLO | X17: Quinta Alex Mz. A L. 21 | Y17: CHEPEN | Z17: CHEPEN | AA17: LA LIBERTAD | AB17: 31 | AC17: UNIDAD MINERA | AD17: TRUJILLO
A18: 2 | B18: SAN ANDRES | C18: CENTRO MEDICO | D18: GC0000034 | F18: DNI | G18: 41922354 | H18: ULLOA | I18: VALVERDE | J18: JOSE DAVID | K18: =CONCATENATE(H18," ",I18," ",J18) -> ULLOA VALVERDE JOSE DAVID | L18: MASCULINO | M18: 30378 | N18: 967585952 | O18: RENUNCIO | P18: MINERA AURIFERA RETAMAS S.A. | Q18: SAN ANDRES | R18: GRUPO CREDCO EMPRESA DE INGENIERIA, ARQUITECTURA Y CONSTRUCCION S.A.C. | S18: 20601242657 | T18: SUPERFICIE | U18: PROYECTOS E INFRAESTUCTURA | V18: PEON CIVIL | W18: TRUJILLO | X18: Jose Olaya N# 20 | Y18: CHICLIN | Z18: ASCOPE | AA18: LA LIBERTAD | AB18: 37 | AC18: UNIDAD MINERA | AD18: TRUJILLO
A19: 3 | B19: SAN ANDRES | C19: CENTRO MEDICO | D19: GC0000027 | F19: DNI | G19: 76596403 | H19: GUEVARA | I19: ARAUJO | J19: CRISTIAN BRISNEY | K19: =CONCATENATE(H19," ",I19," ",J19) -> GUEVARA ARAUJO CRISTIAN BRISNEY | L19: MASCULINO | M19: 36516 | N19: 900797319 | O19: RENUNCIO | P19: MINERA AURIFERA RETAMAS S.A. | Q19: SAN ANDRES | R19: GRUPO CREDCO EMPRESA DE INGENIERIA, ARQUITECTURA Y CONSTRUCCION S.A.C. | S19: 20601242657 | T19: SUPERFICIE | U19: PROYECTOS E INFRAESTUCTURA | V19: PEON CIVIL | W19: TRUJILLO | X19: Caserio Las Delicias | Y19: OYOTUN | Z19: CHICLAYO | AA19: LAMBAYEQUE | AB19: 21 | AC19: UNIDAD MINERA | AD19: TRUJILLO
A20: 5 | B20: SAN ANDRES | C20: CENTRO MEDICO | D20: GC0000031 | F20: DNI | G20: 47814200 | H20: MENDOZA | I20: MARRUFO | J20: PEDRO JORDY | K20: =CONCATENATE(H20," ",I20," ",J20) -> MENDOZA MARRUFO PEDRO JORDY | L20: MASCULINO | M20: 34070 | N20: 967096061 | O20: RENUNCIO | P20: MINERA AURIFERA RETAMAS S.A. | Q20: SAN ANDRES | R20: GRUPO CREDCO EMPRESA DE INGENIERIA, ARQUITECTURA Y CONSTRUCCION S.A.C. | S20: 20601242657 | T20: SUPERFICIE | U20: PROYECTOS E INFRAESTUCTURA | V20: AYUDANTE TECNICO CIVIL | W20: TRUJILLO | X20: Caserio Las Delicias | Y20: OYUTUN | Z20: CHICLAYO | AA20: LAMBAYEQUE | AB20: 27 | AC20: UNIDAD MINERA | AD20: TRUJILLO
A21: 7 | B21: SAN ANDRES | C21: CENTRO MEDICO | D21: AFILIADO | F21: DNI | G21: 48482684 | H21: REYES | I21: HERNANDEZ | J21: YEFRY ALFONSO | K21: =CONCATENATE(H21," ",I21," ",J21) -> REYES HERNANDEZ YEFRY ALFONSO | L21: MASCULINO | M21: 32720 | N21: 915228568 | O21: RENUNCIO | P21: MINERA AURIFERA RETAMAS S.A. | Q21: SAN ANDRES | R21: GRUPO CREDCO EMPRESA DE INGENIERIA, ARQUITECTURA Y CONSTRUCCION S.A.C. | S21: 20601242657 | T21: SUPERFICIE | U21: PROYECTOS E INFRAESTUCTURA | V21: AYUDANTE TECNICO CIVIL | W21: TRUJILLO | X21: Calle Francia 40 | Y21: CHICLIN | Z21: ASCOPE | AA21: LA LIBERTAD | AB21: 31 | AC21: UNIDAD MINERA | AD21: TRUJILLO
A22: 10 | B22: SAN ANDRES | C22: CENTRO MEDICO | D22: GC0000050 | F22: DNI | G22: 47676739 | H22: SANCHEZ | I22: MENDOZA | J22: ALEX | K22: =CONCATENATE(H22," ",I22," ",J22) -> SANCHEZ MENDOZA ALEX | L22: MASCULINO | M22: 34010 | O22: RENUNCIO | P22: MINERA AURIFERA RETAMAS S.A. | Q22: SAN ANDRES | R22: GRUPO CREDCO EMPRESA DE INGENIERIA, ARQUITECTURA Y CONSTRUCCION S.A.C. | S22: 20601242662 | T22: SUPERFICIE | U22: PROYECTOS E INFRAESTUCTURA | V22: OFICIAL CIVIL | W22: CAJAMARCA | X22: Caserio Moyococha | Y22: CAJAMARCA | Z22: CAJAMARCA | AA22: CAJAMARCA | AB22: 27 | AC22: UNIDAD MINERA | AD22: TRUJILLO
A23: 12 | B23: SAN ANDRES | C23: CENTRO MEDICO | D23: GC0000047 | F23: DNI | G23: 41917682 | H23: RUIZ | I23: QUEZADA | J23: MIGUEL ANGEL | K23: =CONCATENATE(H23," ",I23," ",J23) -> RUIZ QUEZADA MIGUEL ANGEL | L23: MASCULINO | M23: 30249 | N23: 941490348 | O23: RENUNCIO | P23: MINERA AURIFERA RETAMAS S.A. | Q23: SAN ANDRES | R23: GRUPO CREDCO EMPRESA DE INGENIERIA, ARQUITECTURA Y CONSTRUCCION S.A.C. | S23: 20601242662 | T23: SUPERFICIE | U23: PROYECTOS E INFRAESTUCTURA | V23: PEON CIVIL | W23: CHICAMA | X23: AA.HH 11 de Febrero, Mz. C Lt. 24 | Y23: CHICAMA | Z23: ASCOPE | AA23: LA LIBERTAD | AB23: 48 | AC23: UNIDAD MINERA | AD23: TRUJILLO
A24: 13 | B24: SAN ANDRES | C24: CENTRO MEDICO | D24: GC0000046 | F24: DNI | G24: 74241245 | H24: RODRIGUEZ | I24: AVILA | J24: CARLOS MANUEL | K24: =CONCATENATE(H24," ",I24," ",J24) -> RODRIGUEZ AVILA CARLOS MANUEL | L24: MASCULINO | M24: 35498 | O24: RENUNCIO | P24: MINERA AURIFERA RETAMAS S.A. | Q24: SAN ANDRES | R24: GRUPO CREDCO EMPRESA DE INGENIERIA, ARQUITECTURA Y CONSTRUCCION S.A.C. | S24: 20601242662 | T24: SUPERFICIE | U24: PROYECTOS E INFRAESTUCTURA | V24: PEON CIVIL | W24: CHICAMA | X24: AA.HH La Pascona Mz. B lt. 03 | Y24: CHICAMA | Z24: ASCOPE | AA24: LA LIBERTAD | AB24: 24 | AC24: UNIDAD MINERA | AD24: TRUJILLO
A25: 14 | B25: SAN ANDRES | C25: CENTRO MEDICO | D25: GC0000045 | F25: DNI | G25: 45772855 | H25: SORIA | I25: HUAMAN | J25: AMERICO | K25: =CONCATENATE(H25," ",I25," ",J25) -> SORIA HUAMAN AMERICO | L25: MASCULINO | M25: 31922 | N25: 987790971 | O25: RENUNCIO | P25: MINERA AURIFERA RETAMAS S.A. | Q25: SAN ANDRES | R25: GRUPO CREDCO EMPRESA DE INGENIERIA, ARQUITECTURA Y CONSTRUCCION S.A.C. | S25: 20601242662 | T25: SUPERFICIE | U25: PROYECTOS E INFRAESTUCTURA | V25: OFICIAL CIVIL | W25: CAJAMARCA | X25: Cruze de Diego Ferrer y Petateros | Y25: CAJAMARCA | Z25: CAJAMARCA | AA25: CAJAMARCA | AB25: 43 | AC25: UNIDAD MINERA | AD25: TRUJILLO
A26: 15 | B26: SAN ANDRES | C26: CENTRO MEDICO | D26: GC0000043 | F26: DNI | G26: 77680655 | H26: MENDEZ | I26: LLAJARUNA | J26: JOSE ARMANDO | K26: =CONCATENATE(H26," ",I26," ",J26) -> MENDEZ LLAJARUNA JOSE ARMANDO | L26: MASCULINO | M26: 36407 | O26: RENUNCIO | P26: MINERA AURIFERA RETAMAS S.A. | Q26: SAN ANDRES | R26: GRUPO CREDCO EMPRESA DE INGENIERIA, ARQUITECTURA Y CONSTRUCCION S.A.C. | S26: 20601242662 | T26: SUPERFICIE | U26: PROYECTOS E INFRAESTUCTURA | V26: PEON CIVIL | W26: LA LIBERTAD | X26: Calle Ricardo Palma AA. HH. 11 de febrero Mz. C Lot. 7 | Y26: CHICAMA | Z26: ASCOPE | AA26: LA LIBERTAD | AB26: 21 | AC26: UNIDAD MINERA | AD26: TRUJILLO
A27: 39 | B27: SAN ANDRES | C27: CENTRO MEDICO | D27: GC0000051 | F27: DNI | G27: 71882744 | H27: LIMAY | I27: VALIENTE | J27: GENARO | K27: =CONCATENATE(H27," ",I27," ",J27) -> LIMAY VALIENTE GENARO | L27: MASCULINO | M27: 32621 | N27: 969311259 | O27: RENUNCIO | P27: MINERA AURIFERA RETAMAS S.A. | Q27: SAN ANDRES | R27: GRUPO CREDCO EMPRESA DE INGENIERIA, ARQUITECTURA Y CONSTRUCCION S.A.C. | S27: 20601242657 | T27: SUPERFICIE | U27: PROYECTOS E INFRAESTUCTURA | V27: AYUDANTE VIGIA | W27: CAJAMARCA | X27: Lluscapampa El Granero | Y27: CAJAMARCA | Z27: CAJAMARCA | AA27: CAJAMARCA | AB27: 23 | AC27: UNIDAD MINERA | AD27: TRUJILLO
A28: 40 | B28: SAN ANDRES | C28: CENTRO MEDICO | D28: GC0000022 | F28: DNI | G28: 47833170 | H28: HERAS | I28: MINCHAN | J28: JOSE WILSON | K28: =CONCATENATE(H28," ",I28," ",J28) -> HERAS MINCHAN JOSE WILSON | L28: MASCULINO | M28: 34171 | N28: 975443991 | O28: RENUNCIO | P28: MINERA AURIFERA RETAMAS S.A. | Q28: SAN ANDRES | R28: GRUPO CREDCO EMPRESA DE INGENIERIA, ARQUITECTURA Y CONSTRUCCION S.A.C. | S28: 20601242657 | T28: SUPERFICIE | U28: PROYECTOS E INFRAESTUCTURA | V28: AYUDANTE VIGIA | W28: CAJAMARCA | X28: Huambocancha baja | Y28: CAJAMARCA | Z28: CAJAMARCA | AA28: CAJAMARCA | AB28: 27 | AC28: UNIDAD MINERA | AD28: TRUJILLO
A29: 41 | B29: SAN ANDRES | C29: CENTRO MEDICO | D29: GC0000026 | F29: DNI | G29: 72713905 | H29: CUEVA | I29: CASTREJON | J29: LUCAS | K29: =CONCATENATE(H29," ",I29," ",J29) -> CUEVA CASTREJON LUCAS | L29: MASCULINO | M29: 34657 | O29: RENUNCIO | P29: MINERA AURIFERA RETAMAS S.A. | Q29: SAN ANDRES | R29: GRUPO CREDCO EMPRESA DE INGENIERIA, ARQUITECTURA Y CONSTRUCCION S.A.C. | S29: 20601242658 | T29: SUPERFICIE | U29: PROYECTOS E INFRAESTUCTURA | V29: AYUDANTE VIGIA | W29: CAJAMARCA | X29: Las Diamelas s/n Urb. El Molino | Y29: CAJAMARCA | Z29: CAJAMARCA | AA29: CAJAMARCA | AB29: 26 | AC29: UNIDAD MINERA | AD29: TRUJILLO
A30: 42 | B30: SAN ANDRES | C30: CENTRO MEDICO | D30: GC0000012 | F30: DNI | G30: 41193394 | H30: LLOVERA | I30: MICHAN | J30: SAMUEL SEGUNDO | K30: =CONCATENATE(H30," ",I30," ",J30) -> LLOVERA MICHAN SAMUEL SEGUNDO | L30: MASCULINO | M30: 15/09/1980 | N30: 976971622 | O30: RENUNCIO | P30: MINERA AURIFERA RETAMAS S.A. | Q30: SAN ANDRES | R30: GRUPO CREDCO EMPRESA DE INGENIERIA, ARQUITECTURA Y CONSTRUCCION S.A.C. | S30: 20601242657 | T30: SUPERFICIE | U30: PROYECTOS E INFRAESTUCTURA | V30: CONDUCTOR DE CAMIONETA | W30: CAJAMARCA | X30: Jr. Mariategui 197 | Y30: CAJAMARCA | Z30: CAJAMARCA | AA30: CAJAMARCA | AB30: 40 | AC30: UNIDAD MINERA | AD30: TRUJILLO
A31: 44 | B31: SAN ANDRES | C31: CENTRO MEDICO | D31: GC0000042 | F31: DNI | G31: 26712445 | H31: FERNANDEZ | I31: CANAN | J31: FERNANDO MANUEL | K31: FERNANDEZ CANAN FERNANDO MANUEL | L31: MASCULINO | M31: 08/09/1990 | N31: 966418312/992358966 | O31: RENUNCIO | P31: MINERA AURIFERA RETAMAS S.A. | Q31: SAN ANDRES | R31: GRUPO CREDCO EMPRESA DE INGENIERIA, ARQUITECTURA Y CONSTRUCCION S.A.C. | S31: 20601242657 | T31: SUPERFICIE | U31: PROYECTOS E INFRAESTUCTURA | V31: CONDUCTOR DE CAMION 2 | W31: CAJAMARCA | X31: Cajamarca la paccha sin número | Y31: CAJAMARCA | Z31: CAJAMARCA | AA31: CAJAMARCA | AB31: 47 | AC31: UNIDAD MINERA | AD31: TRUJILLO
A32: 46 | B32: SAN ANDRES | C32: CENTRO MEDICO | D32: GC0000055 | F32: DNI | G32: 75398571 | H32: CANALES | I32: ULLOA | J32: ITALO ROMARIO | K32: CANALES ULLOA ITALO ROMARIO | L32: MASCULINO | M32: 22/03/1997 | N32: 970113210 | O32: RENUNCIO | P32: MINERA AURIFERA RETAMAS S.A. | Q32: SAN ANDRES | R32: GRUPO CREDCO EMPRESA DE INGENIERIA, ARQUITECTURA Y CONSTRUCCION S.A.C. | S32: 20601242657 | T32: SUPERFICIE | U32: PROYECTOS E INFRAESTUCTURA | V32: PEON CIVIL | W32: LA LIBERTAD | X32: Progreso N° 25 | Y32: CHICLIN | Z32: ASCOPE | AA32: LA LIBERTAD | AB32: 24 | AC32: UNIDAD MINERA | AD32: TRUJILLO
A33: 47 | B33: SAN ANDRES | C33: CENTRO MEDICO | D33: GC0000056 | F33: DNI | G33: 45635754 | H33: SAENZ | I33: CASTILLO | J33: ALEXIS ALFREDO | K33: SAENZ CASTILLO ALEXIS ALFREDO | L33: MASCULINO | M33: 29/04/1987 | O33: RENUNCIO | P33: MINERA AURIFERA RETAMAS S.A. | Q33: SAN ANDRES | R33: GRUPO CREDCO EMPRESA DE INGENIERIA, ARQUITECTURA Y CONSTRUCCION S.A.C. | S33: 20601242657 | T33: SUPERFICIE | U33: PROYECTOS E INFRAESTUCTURA | V33: PEON CIVIL | W33: LA LIBERTAD | X33: Calle Bolognesi 5 Sector-Sintuco | Y33: CHOCOPE | Z33: ASCOPE | AA33: LA LIBERTAD | AB33: 34 | AC33: UNIDAD MINERA | AD33: TRUJILLO
A34: 48 | B34: SAN ANDRES | C34: CENTRO MEDICO | D34: GC0000054 | F34: DNI | G34: 71770675 | H34: SALAZAR | I34: CONDOR | J34: JUAN CARLOS | K34: SALAZAR CONDOR JUAN CARLOS | L34: MASCULINO | M34: 11/06/1999 | O34: RENUNCIO | P34: MINERA AURIFERA RETAMAS S.A. | Q34: SAN ANDRES | R34: GRUPO CREDCO EMPRESA DE INGENIERIA, ARQUITECTURA Y CONSTRUCCION S.A.C. | S34: 20601242657 | T34: SUPERFICIE | U34: PROYECTOS E INFRAESTUCTURA | V34: PEON CIVIL | W34: CAJAMARCA | X34: Caserio Shudal | Y34: CAJAMARCA | Z34: CAJAMARCA | AA34: CAJAMARCA | AB34: 22 | AC34: UNIDAD MINERA | AD34: TRUJILLO
A35: 49 | B35: SAN ANDRES | C35: CENTRO MEDICO | D35: AFILIADO | F35: DNI | G35: 76649315 | H35: CUEVA | I35: HUAMAN | J35: WALTER | K35: CUEVA HUAMAN WALTER | L35: MASCULINO | M35: 08/04/1998 | O35: RENUNCIO | P35: MINERA AURIFERA RETAMAS S.A. | Q35: SAN ANDRES | R35: GRUPO CREDCO EMPRESA DE INGENIERIA, ARQUITECTURA Y CONSTRUCCION S.A.C. | S35: 20601242657 | T35: SUPERFICIE | U35: PROYECTOS E INFRAESTUCTURA | V35: PEON CIVIL | W35: CAJAMARCA | X35: Caserio Porconcillo Alto | Y35: CAJAMARCA | Z35: CAJAMARCA | AA35: CAJAMARCA | AB35: 34 | AC35: UNIDAD MINERA | AD35: TRUJILLO
A36: 50 | B36: SAN ANDRES | C36: CENTRO MEDICO | D36: AFILIADO | F36: DNI | G36: 71401277 | H36: TAPIA | I36: BOÑON | J36: BILLY GERSON | K36: TAPIA GOÑON BILLY GERSON | L36: MASCULINO | M36: 23/12/2000 | O36: RENUNCIO | P36: MINERA AURIFERA RETAMAS S.A. | Q36: SAN ANDRES | R36: GRUPO CREDCO EMPRESA DE INGENIERIA, ARQUITECTURA Y CONSTRUCCION S.A.C. | S36: 20601242657 | T36: SUPERFICIE | U36: PROYECTOS E INFRAESTUCTURA | V36: PEON CIVIL | W36: CAJAMARCA | X36: Jr. La Victoria N° 102 | Y36: CAJAMARCA | Z36: CAJAMARCA | AA36: CAJAMARCA | AB36: 21 | AC36: UNIDAD MINERA | AD36: TRUJILLO
A37: 51 | B37: SAN ANDRES | C37: CENTRO MEDICO | D37: AFILIADO | F37: DNI | G37: 48479682 | H37: DUCOS | I37: DE LA CRUZ | J37: VENJAMIN | K37: DUCOS DE LA CRUZ VENJAMIN | L37: MASCULINO | M37: 20/01/1995 | O37: RENUNCIO | P37: MINERA AURIFERA RETAMAS S.A. | Q37: SAN ANDRES | R37: GRUPO CREDCO EMPRESA DE INGENIERIA, ARQUITECTURA Y CONSTRUCCION S.A.C. | S37: 20601242657 | T37: SUPERFICIE | U37: PROYECTOS E INFRAESTUCTURA | V37: PEON CIVIL | W37: CAJAMARCA | X37: Centro Poblado Porcon Bajo | Y37: CAJAMARCA | Z37: CAJAMARCA | AA37: CAJAMARCA | AB37: 26 | AC37: UNIDAD MINERA | AD37: TRUJILLO
A38: 52 | B38: SAN ANDRES | C38: CENTRO MEDICO | D38: AFILIADO | F38: DNI | G38: 63410203 | H38: VILLAREAL | I38: SOLORZANO | J38: TADASHY JUAN | K38: VILLAREAL SOLORZANO TADASHY | L38: MASCULINO | M38: 20/05/2000 | O38: RENUNCIO | P38: MINERA AURIFERA RETAMAS S.A. | Q38: SAN ANDRES | R38: GRUPO CREDCO EMPRESA DE INGENIERIA, ARQUITECTURA Y CONSTRUCCION S.A.C. | S38: 20601242657 | T38: SUPERFICIE | U38: PROYECTOS E INFRAESTUCTURA | V38: PEON CIVIL | W38: LA LIBERTAD | X38: Lotizacion Chiclin Calle España N° 16 | Y38: TRUJILLO | Z38: TRUJILLO | AA38: LA LIBERTAD | AB38: 21 | AC38: UNIDAD MINERA | AD38: TRUJILLO
A39: 55 | B39: SAN ANDRES | C39: CENTRO MEDICO | D39: GC0000064 | F39: DNI | G39: 46975532 | H39: VALDIVIA | I39: HUAMAN | J39: ROBERTO | K39: VALDIVIA HUAMAN ROBERTO | L39: MASCULINO | M39: 08/12/1991 | N39: 976192265 | O39: RENUNCIO | P39: MINERA AURIFERA RETAMAS S.A. | Q39: SAN ANDRES | R39: GRUPO CREDCO EMPRESA DE INGENIERIA, ARQUITECTURA Y CONSTRUCCION S.A.C. | S39: 20601242657 | T39: SUPERFICIE | U39: PROYECTOS E INFRAESTUCTURA | V39: OPERARIO CARPINTERO | W39: CAJAMARCA | X39: Caserio Plan Porcillo | Y39: CAJAMARCA | Z39: CAJAMARCA | AA39: CAJAMARCA | AB39: 29 | AC39: UNIDAD MINERA | AD39: TRUJILLO
A40: 58 | B40: SAN ANDRES | C40: CENTRO MEDICO | D40: GC0000068 | F40: DNI | G40: 72414296 | H40: QUINTANA | I40: PALMA | J40: MILVER YOEL | K40: QUINTANA PALMA MILVAR YOEL | L40: MASCULINO | M40: 13/05/2001 | N40: 954790315 | O40: RENUNCIO | P40: MINERA AURIFERA RETAMAS S.A. | Q40: SAN ANDRES | R40: GRUPO CREDCO EMPRESA DE INGENIERIA, ARQUITECTURA Y CONSTRUCCION S.A.C. | S40: 20601242657 | T40: SUPERFICIE | U40: PROYECTOS E INFRAESTUCTURA | V40: PEON CIVIL | W40: CAJAMARCA | X40: Centro Poblado Santa Barbara | Y40: CAJAMARCA | Z40: CAJAMARCA | AA40: CAJAMARCA | AB40: 20 | AC40: UNIDAD MINERA | AD40: TRUJILLO
A41: 59 | B41: SAN ANDRES | C41: CENTRO MEDICO | D41: GC0000067 | F41: DNI | G41: 70845004 | H41: GUARNIZ | I41: MARIÑO | J41: ALBERTO LEONEL | K41: GURANIZ MARIÑOS ALBERTO LEONEL | L41: MASCULINO | M41: 36326 | N41: 912855776 | O41: RENUNCIO | P41: MINERA AURIFERA RETAMAS S.A. | Q41: SAN ANDRES | R41: GRUPO CREDCO EMPRESA DE INGENIERIA, ARQUITECTURA Y CONSTRUCCION S.A.C. | S41: 20601242657 | T41: SUPERFICIE | U41: PROYECTOS E INFRAESTUCTURA | V41: PEON CIVIL | W41: LA LIBERTAD | X41: AA.HH. Alan Garcia Mz.Glot. 3 | Y41: CHICAMA | Z41: ASCOPE | AA41: LA LIBERTAD | AB41: 22 | AC41: UNIDAD MINERA | AD41: TRUJILLO
A42: 60 | B42: SAN ANDRES | C42: CENTRO MEDICO | D42: GC0000069 | F42: DNI | G42: 73363131 | H42: INFANTE | I42: GASTOLOMENDO | J42: RAVID | K42: INFANTE GASTOLOMENDO RAVID | L42: MASCULINO | M42: 15/05/1995 | N42: 974550672 | O42: RENUNCIO | P42: MINERA AURIFERA RETAMAS S.A. | Q42: SAN ANDRES | R42: GRUPO CREDCO EMPRESA DE INGENIERIA, ARQUITECTURA Y CONSTRUCCION S.A.C. | S42: 20601242657 | T42: SUPERFICIE | U42: PROYECTOS E INFRAESTUCTURA | V42: PEON CIVIL | W42: CAJAMARCA | X42: Centro Polbladop Porcon Alto | Y42: CAJAMARCA | Z42: CAJAMARCA | AA42: CAJAMARCA | AB42: 26 | AC42: UNIDAD MINERA | AD42: TRUJILLO
A43: 61 | B43: SAN ANDRES | C43: CENTRO MEDICO | D43: GC0000070 | F43: DNI | G43: 71436970 | H43: CHILON | I43: TERAN | J43: ELMER | K43: CHILON TERAN ELMER | L43: MASCULINO | M43: 27/12/1997 | N43: 944372263 | O43: RENUNCIO | P43: MINERA AURIFERA RETAMAS S.A. | Q43: SAN ANDRES | R43: GRUPO CREDCO EMPRESA DE INGENIERIA, ARQUITECTURA Y CONSTRUCCION S.A.C. | S43: 20601242657 | T43: SUPERFICIE | U43: PROYECTOS E INFRAESTUCTURA | V43: PEON CIVIL | W43: CAJAMARCA | X43: Centro Poblado Porcon Alto | Y43: CAJAMARCA | Z43: CAJAMARCA | AA43: CAJAMARCA | AB43: 24 | AC43: UNIDAD MINERA | AD43: TRUJILLO
A44: 63 | B44: SAN ANDRES | C44: CENTRO MEDICO | D44: GC0000072 | F44: DNI | G44: 47361113 | H44: VILLANUEVA | I44: RODRIGUEZ | J44: JAVIER | K44: VILLANUEVA RODRIGUEZ JAVIER | L44: MASCULINO | M44: 33859 | N44: 991547534 | O44: RENUNCIO | P44: MINERA AURIFERA RETAMAS S.A. | Q44: SAN ANDRES | R44: GRUPO CREDCO EMPRESA DE INGENIERIA, ARQUITECTURA Y CONSTRUCCION S.A.C. | S44: 20601242657 | T44: SUPERFICIE | U44: PROYECTOS E INFRAESTUCTURA | V44: PEON CIVIL | W44: CAJAMARCA | X44: JR. LOS CEDROS N° 265 URB. SANTA ROSA | Y44: CAJAMARCA | Z44: CAJAMARCA | AA44: CAJAMARCA | AB44: 29 | AC44: UNIDAD MINERA | AD44: TRUJILLO
A45: 64 | B45: SAN ANDRES | C45: CENTRO MEDICO | D45: GC0000073 | F45: DNI | G45: 41420730 | H45: CUEVA | I45: CASTREJON | J45: ALEJANDRO | K45: CUEVA CASTREJON ALEJANDRO | L45: MASCULINO | M45: 33646 | N45: 934849030 | O45: RENUNCIO | P45: MINERA AURIFERA RETAMAS S.A. | Q45: SAN ANDRES | R45: GRUPO CREDCO EMPRESA DE INGENIERIA, ARQUITECTURA Y CONSTRUCCION S.A.C. | S45: 20601242657 | T45: SUPERFICIE | U45: PROYECTOS E INFRAESTUCTURA | V45: PEON CIVIL | W45: CAJAMARCA | X45: CASARIO MANZANAS ALTO | Y45: CAJAMARCA | Z45: CAJAMARCA | AA45: CAJAMARCA | AB45: 39 | AC45: UNIDAD MINERA | AD45: TRUJILLO
A46: 65 | B46: SAN ANDRES | C46: CENTRO MEDICO | D46: GC0000075 | F46: DNI | G46: 43880138 | H46: MENDEZ | I46: SANCHEZ | J46: WILDON FARMANI | K46: MENDEZ SANCHEZ WILDON FARMANI | L46: MASCULINO | M46: 27993 | N46: 913537952 | O46: RENUNCIO | P46: MINERA AURIFERA RETAMAS S.A. | Q46: SAN ANDRES | R46: GRUPO CREDCO EMPRESA DE INGENIERIA, ARQUITECTURA Y CONSTRUCCION S.A.C. | S46: 20601242657 | T46: SUPERFICIE | U46: PROYECTOS E INFRAESTUCTURA | V46: PEON CIVIL | W46: LA LIBERTAD | X46: AA.HH. 11 FEBRERO MZ. C LT. 07 | Y46: CHICAMA | Z46: TRUJILLO | AA46: LA LIBERTAD | AB46: 45 | AC46: UNIDAD MINERA | AD46: TRUJILLO
A47: 68 | B47: SAN ANDRES | C47: CENTRO MEDICO | D47: GC0000076 | F47: DNI | G47: 26711159 | H47: SANCHEZ | I47: FERNANDEZ | J47: HECTOR | K47: SANCHEZ FERNANDEZ HECTOR | L47: MASCULINO | M47: 27257 | N47: 964543972 | O47: RENUNCIO | P47: MINERA AURIFERA RETAMAS S.A. | Q47: SAN ANDRES | R47: GRUPO CREDCO EMPRESA DE INGENIERIA, ARQUITECTURA Y CONSTRUCCION S.A.C. | S47: 20601242657 | T47: SUPERFICIE | U47: PROYECTOS E INFRAESTUCTURA | V47: CHOFER | W47: CAJAMARCA | X47: AV. MIGUEL DE CERVANTES SAAVEDRA # 537 | Y47: CAJAMARCA | Z47: CAJAMARCA | AA47: CAJAMARCA | AB47: 47 | AC47: UNIDAD MINERA | AD47: TRUJILLO
A48: 76 | B48: SAN ANDRES | C48: CENTRO MEDICO | D48: GC0000084 | F48: DNI | G48: 77278232 | H48: CHUQUIMANGO | I48: AYAY | J48: SANTOS | K48: CHUQUIMANGO AYAY SANTOS | L48: MASCULINO | M48: 34952 | N48: 988749368 | O48: RENUNCIO | P48: MINERA AURIFERA RETAMAS S.A. | Q48: SAN ANDRES | R48: GRUPO CREDCO EMPRESA DE INGENIERIA, ARQUITECTURA Y CONSTRUCCION S.A.C. | S48: 20601242657 | T48: SUPERFICIE | U48: PROYECTOS E INFRAESTUCTURA | V48: PEON CIVIL | W48: CAJAMARCA | X48: CASERIO CHILIMPAMPA | Y48: CAJAMARCA | Z48: CAJAMARCA | AA48: CAJAMARCA | AB48: 26 | AC48: UNIDAD MINERA | AD48: TRUJILLO
A49: 79 | B49: SAN ANDRES | C49: CENTRO MEDICO | D49: GC0000086 | F49: DNI | G49: 76757806 | H49: HUACCHA | I49: SAUCEDO | J49: ALEXIS PABLITO | K49: HUACCHA SAUCEDO ALEXIS PABLITO | L49: MASCULINO | M49: 35915 | N49: 976420575 | O49: RENUNCIO | P49: MINERA AURIFERA RETAMAS S.A. | Q49: SAN ANDRES | R49: GRUPO CREDCO EMPRESA DE INGENIERIA, ARQUITECTURA Y CONSTRUCCION S.A.C. | S49: 20601242657 | T49: SUPERFICIE | U49: PROYECTOS E INFRAESTUCTURA | V49: PEON CIVIL | W49: TRUJILLO | X49: A.A.H.H. DE OCTUBRE MZ.G LOT. 08 ANEXO ROMA | Y49: TRUJILLO | Z49: TRUJILLO | AA49: LA LIBERTAD | AB49: 24 | AC49: UNIDAD MINERA | AD49: TRUJILLO
A50: 84 | B50: SAN ANDRES | C50: CENTRO MEDICO | D50: AFILIADO | F50: DNI | G50: 80439671 | H50: GABRIEL | I50: TOLEDO | J50: SILVERIO SALVADOR | K50: GABRIEL TOLEDO SILVERIO SALVADOR | L50: MASCULINO | M50: 28661 | O50: RENUNCIO | P50: MINERA AURIFERA RETAMAS S.A. | Q50: SAN ANDRES | R50: GRUPO CREDCO EMPRESA DE INGENIERIA, ARQUITECTURA Y CONSTRUCCION S.A.C. | S50: 20601242657 | T50: SUPERFICIE | U50: PROYECTOS E INFRAESTUCTURA | V50: PEON CIVIL | W50: CAJAMARCA | X50: PASAJE ATAHUALPA N° 662 | Y50: CAJAMARCA | Z50: CAJAMARCA | AA50: CAJAMARCA | AB50: 44 | AC50: HUAMACHUCO | AD50: SAN ANDRES | AF50: 44567
A51: 16 | B51: SAN ANDRES | C51: CENTRO MEDICO | D51: GC0000015 | F51: DNI | G51: 80610247 | H51: MESTANZA | I51: CALDERON | J51: CARMELO | K51: =CONCATENATE(H51," ",I51," ",J51) -> MESTANZA CALDERON CARMELO | L51: MASCULINO | M51: 29050 | N51: 950819893 | O51: RENUNCIO | P51: MINERA AURIFERA RETAMAS S.A. | Q51: SAN ANDRES | R51: GRUPO CREDCO EMPRESA DE INGENIERIA, ARQUITECTURA Y CONSTRUCCION S.A.C. | S51: 20601242657 | T51: SUPERFICIE | U51: PROYECTOS E INFRAESTUCTURA | V51: OPERARIO CIVIL | W51: CAJAMARCA | X51: CASERIO CHIGDEN -SAN JUAN | Y51: CAJAMARCA | Z51: CAJAMARCA | AA51: CAJAMARCA | AB51: 42 | AC51: HUAMACHUCO | AD51: SAN ANDRES | AF51: 44280 | AJ51: 44543 | AK51: SUBE 4/01/2022
A52: 59 | B52: SAN ANDRES | C52: CENTRO MEDICO | D52: GC0000067 | F52: DNI | G52: 70845004 | H52: GUARNIZ | I52: MARIÑO | J52: ALBERTO LEONEL | K52: GURANIZ MARIÑOS ALBERTO LEONEL | L52: MASCULINO | M52: 36326 | N52: 912855776 | O52: RENUNCIO | P52: MINERA AURIFERA RETAMAS S.A. | Q52: SAN ANDRES | R52: GRUPO CREDCO EMPRESA DE INGENIERIA, ARQUITECTURA Y CONSTRUCCION S.A.C. | S52: 20601242657 | T52: SUPERFICIE | U52: PROYECTOS E INFRAESTUCTURA | V52: PEON CIVIL | W52: LA LIBERTAD | X52: AA.HH. Alan Garcia Mz.Glot. 3 | Y52: CHICAMA | Z52: ASCOPE | AA52: LA LIBERTAD | AB52: 22 | AC52: TRUJILLO | AD52: SAN ANDRES | AF52: 44392 | AJ52: 44526 | AK52: SUBE 4/01/2022
A53: 83 | B53: SAN ANDRES | C53: CENTRO MEDICO | D53: GC0000088 | F53: DNI | G53: 75005062 | H53: SALAZAR | I53: ARCE | J53: PABLO CESAR | K53: SALAZAR ARCE PABLO CESAR | L53: MASCULINO | M53: 35431 | O53: RENUNCIO | P53: MINERA AURIFERA RETAMAS S.A. | Q53: SAN ANDRES | R53: GRUPO CREDCO EMPRESA DE INGENIERIA, ARQUITECTURA Y CONSTRUCCION S.A.C. | S53: 20601242657 | T53: SUPERFICIE | U53: PROYECTOS E INFRAESTUCTURA | V53: PEON CIVIL | W53: CAJAMARCA | X53: CASERIO CHIGDEN -SAN JUAN | Y53: CAJAMARCA | Z53: CAJAMARCA | AA53: CAJAMARCA | AB53: 23 | AC53: HUAMACHUCO | AD53: SAN ANDRES | AF53: 44568
A54: 80 | B54: SAN ANDRES | C54: CENTRO MEDICO | D54: GC0000089 | F54: DNI | G54: 70203539 | H54: MONZON | I54: CARUAJULCA | J54: CARLOS FERNANDO | K54: MONZON CARUAJULCA CARLOS FERNANDO | L54: MASCULINO | M54: 35083 | N54: 948736734 | O54: RENUNCIO | P54: MINERA AURIFERA RETAMAS S.A. | Q54: SAN ANDRES | R54: GRUPO CREDCO EMPRESA DE INGENIERIA, ARQUITECTURA Y CONSTRUCCION S.A.C. | S54: 20601242657 | T54: SUPERFICIE | U54: PROYECTOS E INFRAESTUCTURA | V54: PEON CIVIL | W54: CAJAMARCA | X54: JR. HOYOS N° 030 | Y54: CAJAMARCA | Z54: CAJAMARCA | AA54: CAJAMARCA | AB54: 25 | AC54: HUAMACHUCO | AD54: SAN ANDRES | AF54: 44559
A55: 81 | B55: SAN ANDRES | C55: CENTRO MEDICO | D55: GC0000090 | F55: DNI | G55: 75745787 | H55: PISCO | I55: VEGA | J55: NEHEMIAS | K55: PISCO VEGA NEHEMIAS | L55: MASCULINO | M55: 35565 | N55: 995748392 | O55: RENUNCIO | P55: MINERA AURIFERA RETAMAS S.A. | Q55: SAN ANDRES | R55: GRUPO CREDCO EMPRESA DE INGENIERIA, ARQUITECTURA Y CONSTRUCCION S.A.C. | S55: 20601242657 | T55: SUPERFICIE | U55: PROYECTOS E INFRAESTUCTURA | V55: OPERARIO CARPINTERO | W55: CAJAMARCA | X55: JR. ALFONSO UGARTE N° 1682 | Y55: CAJAMARCA | Z55: CAJAMARCA | AA55: CAJAMARCA | AB55: 24 | AC55: HUAMACHUCO | AD55: SAN ANDRES | AF55: 44559
A56: 78 | B56: SAN ANDRES | C56: CENTRO MEDICO | D56: AFILIADO | F56: DNI | G56: 46867179 | H56: CAMPOS | I56: ALCANTARA | J56: VICTOR HUGO | K56: CAMPOS ALCANTARA VICTOR HUGO | L56: MASCULINO | M56: 33681 | N56: 929736472 | O56: RENUNCIO | P56: MINERA AURIFERA RETAMAS S.A. | Q56: SAN ANDRES | R56: GRUPO CREDCO EMPRESA DE INGENIERIA, ARQUITECTURA Y CONSTRUCCION S.A.C. | S56: 20601242657 | T56: SUPERFICIE | U56: PROYECTOS E INFRAESTUCTURA | V56: PEON CIVIL | W56: PACASMAYO | X56: AV. CAJAMARCA SECTOR SANTA LUISA- LIMONCARRO | Y56: PACASMAYO | Z56: PACASMAYO | AA56: LA LIBERTAD | AB56: 29 | AC56: TRUJILLO | AD56: SAN ANDRES | AF56: 44545 | AJ56: 44615
A57: 67 | B57: SAN ANDRES | C57: CENTRO MEDICO | D57: GC0000077 | F57: DNI | G57: 71808179 | H57: VILCA | I57: CONDOR | J57: JOSUE LUIS | K57: VILCA CONDOR JOSUE LUIS | L57: MASCULINO | M57: 36985 | N57: 933097235 | O57: RENUNCIO | P57: MINERA AURIFERA RETAMAS S.A. | Q57: SAN ANDRES | R57: GRUPO CREDCO EMPRESA DE INGENIERIA, ARQUITECTURA Y CONSTRUCCION S.A.C. | S57: 20601242657 | T57: SUPERFICIE | U57: PROYECTOS E INFRAESTUCTURA | V57: PEON CIVIL | W57: CAJAMARCA | X57: JR. CALISCUPIO | Y57: CAJAMARCA | Z57: CAJAMARCA | AA57: CAJAMARCA | AB57: 20 | AC57: HUAMACHUCO | AD57: SAN ANDRES | AF57: 44433 | AJ57: 44498
A58: 75 | B58: SAN ANDRES | C58: CENTRO MEDICO | D58: GC0000083 | F58: DNI | G58: 76844048 | H58: VILCA | I58: QUISPE | J58: ESGARDO LEONARDO | K58: VILCA QUISPE ESGARDO LEONARDO | L58: MASCULINO | M58: 36967 | N58: 931788284 | O58: RENUNCIO | P58: MINERA AURIFERA RETAMAS S.A. | Q58: SAN ANDRES | R58: GRUPO CREDCO EMPRESA DE INGENIERIA, ARQUITECTURA Y CONSTRUCCION S.A.C. | S58: 20601242657 | T58: SUPERFICIE | U58: PROYECTOS E INFRAESTUCTURA | V58: PEON CIVIL | W58: CAJAMARCA | X58: JR. ALFONSO UGARTE-PJE. URUBAMBA 157 | Y58: CAJAMARCA | Z58: CAJAMARCA | AA58: CAJAMARCA | AB58: 20 | AC58: HUAMACHUCO | AD58: SAN ANDRES | AF58: 44489 | AJ58: 44622
A59: 57 | B59: SAN ANDRES | C59: CENTRO MEDICO | D59: GC0000065 | F59: DNI | G59: 47961309 | H59: MEJIA | I59: ZAVALETA | J59: ELBER EDEN | K59: MEJIA ZAVALETA ELBER EDEN | L59: MASCULINO | M59: 23/03/1993 | N59: 928004055 | O59: RENUNCIO | P59: MINERA AURIFERA RETAMAS S.A. | Q59: SAN ANDRES | R59: GRUPO CREDCO EMPRESA DE INGENIERIA, ARQUITECTURA Y CONSTRUCCION S.A.C. | S59: 20601242657 | T59: SUPERFICIE | U59: PROYECTOS E INFRAESTUCTURA | V59: PEON CIVIL | W59: CAJAMARCA | X59: Centro Poblado Iscoconga | Y59: BAMBAMARCA | Z59: HUALGAYOC | AA59: CAJAMARCA | AB59: 28 | AC59: HUAMACHUCO | AD59: SAN ANDRES | AF59: 44385 | AJ59: 44648
A60: 85 | B60: SAN ANDRES | C60: CENTRO MEDICO | D60: GC0000092 | F60: DNI | G60: 76621704 | H60: CABALLERO | I60: AGUILAR | J60: JOSBERTH BERLAY | K60: CABALLERO AGUILAR JOSBERTH BERLAY | L60: MASCULINO | M60: 36238 | N60: 958101707 | O60: RENUNCIO | P60: MINERA AURIFERA RETAMAS S.A. | Q60: SAN ANDRES | R60: GRUPO CREDCO EMPRESA DE INGENIERIA, ARQUITECTURA Y CONSTRUCCION S.A.C. | S60: 20601242657 | T60: SUPERFICIE | U60: PROYECTOS E INFRAESTUCTURA | V60: PEON CIVIL | W60: LA LIBERTAD | X60: LA GRAMA MZ. B LOT.3 | Y60: CHICAMA | Z60: ASCOPE | AA60: LA LIBERTAD | AB60: 23 | AC60: TRUJILLO | AD60: SAN ANDRES | AF60: 44580 | AJ60: 44671
A61: 90 | B61: SAN ANDRES | C61: CENTRO MEDICO | D61: GC0000100 | F61: DNI | G61: 71882744 | H61: LIMAY | I61: VALIENTE | J61: GENARO | K61: LIMAY VALIENTE GENARO | L61: MASCULINO | M61: 35841 | N61: 931660130 | O61: RENUNCIO | P61: MINERA AURIFERA RETAMAS S.A. | Q61: SAN ANDRES | R61: GRUPO CREDCO EMPRESA DE INGENIERIA, ARQUITECTURA Y CONSTRUCCION S.A.C. | S61: 20601242657 | T61: SUPERFICIE | U61: PROYECTOS E INFRAESTUCTURA | V61: PEON CIVIL | W61: CAJAMARCA | X61: CASERIO LLUSHCAPAMPA EL GRANERO | Y61: CAJAMARCA | Z61: CAJAMARCA | AA61: CAJAMARCA | AB61: 24 | AC61: HUAMACHUCO | AD61: SAN ANDRES | AF61: 44650 | AJ61: 44691
A62: 89 | B62: SAN ANDRES | C62: CENTRO MEDICO | D62: GC0000097 | F62: DNI | G62: 72426561 | H62: CUEVA | I62: HUAMAN | J62: WILMER LUIS | K62: CUEVA HUAMAN WILMER LUIS | L62: MASCULINO | M62: 36144 | N62: 915354940 | O62: RENUNCIO | P62: MINERA AURIFERA RETAMAS S.A. | Q62: SAN ANDRES | R62: GRUPO CREDCO EMPRESA DE INGENIERIA, ARQUITECTURA Y CONSTRUCCION S.A.C. | S62: 20601242657 | T62: SUPERFICIE | U62: PROYECTOS E INFRAESTUCTURA | V62: PEON CIVIL | W62: CAJAMARCA | X62: CASERIO CHUGUE PAMPA | Y62: CAJAMARCA | Z62: CAJAMARCA | AA62: CAJAMARCA | AB62: 24 | AC62: HUAMACHUCO | AD62: SAN ANDRES | AF62: 44635 | AJ62: 44733
A63: 8 | B63: SAN ANDRES | C63: CENTRO MEDICO | D63: GC0000011 | F63: DNI | G63: 76910377 | H63: REYES | I63: TANTA | J63: JOEL BRAYAN | K63: =CONCATENATE(H63," ",I63," ",J63) -> REYES TANTA JOEL BRAYAN | L63: MASCULINO | M63: 36396 | N63: 929001574 | O63: RENUNCIO | P63: MINERA AURIFERA RETAMAS S.A. | Q63: SAN ANDRES | R63: GRUPO CREDCO EMPRESA DE INGENIERIA, ARQUITECTURA Y CONSTRUCCION S.A.C. | S63: 20601242662 | T63: SUPERFICIE | U63: PROYECTOS E INFRAESTUCTURA | V63: PEON CIVIL | W63: CAJAMARCA | X63: CASERIO COLPA PORCON BAJO KM. 13 | Y63: CAJAMARCA | Z63: CAJAMARCA | AA63: CAJAMARCA | AB63: 22 | AC63: HUAMACHUCO | AD63: SAN ANDRES | AF63: 44266 | AJ63: 44733
A64: 5 | B64: SAN ANDRES | C64: CENTRO MEDICO | D64: GC0000002 | F64: DNI | G64: 26731168 | H64: CARRANZA | I64: CULQUI | J64: EDGAR | K64: =CONCATENATE(H64," ",I64," ",J64) -> CARRANZA CULQUI EDGAR | L64: MASCULINO | M64: 28359 | N64: 982098952 | O64: RENUNCIO | P64: MINERA AURIFERA RETAMAS S.A. | Q64: SAN ANDRES | R64: GRUPO CREDCO EMPRESA DE INGENIERIA, ARQUITECTURA Y CONSTRUCCION S.A.C. | S64: 20601242662 | T64: SUPERFICIE | U64: PROYECTOS E INFRAESTUCTURA | V64: CAPATAZ | W64: CAJAMARCA | X64: CASERIO SOGORON BAJO MZ.L LOT 5 | Y64: CAJAMARCA | Z64: CAJAMARCA | AA64: CAJAMARCA | AB64: 44 | AC64: HUAMACHUCO | AD64: SAN ANDRES | AF64: 44266 | AJ64: 44720
A65: 45 | B65: SAN ANDRES | C65: CENTRO MEDICO | D65: GC0000063 | F65: DNI | G65: 26695012 | H65: CABANILLAS | I65: MERLO | J65: MAGNO | K65: CABANILLAS MERLO MAGNO | L65: MASCULINO | M65: 03/09/1968 | N65: 950257578 | O65: RENUNCIO | P65: MINERA AURIFERA RETAMAS S.A. | Q65: SAN ANDRES | R65: GRUPO CREDCO EMPRESA DE INGENIERIA, ARQUITECTURA Y CONSTRUCCION S.A.C. | S65: 20601242657 | T65: SUPERFICIE | U65: PROYECTOS E INFRAESTUCTURA | V65: CONDUCTOR | W65: CAJAMARCA | X65: Jr. M. Quiroz L 22 | Y65: SAN PABLO | Z65: SAN PABLO | AA65: CAJAMARCA | AB65: 53 | AC65: HUAMACHUCO | AD65: SAN ANDRES | AF65: 44371 | AJ65: 44734
A66: 71 | B66: SAN ANDRES | C66: CENTRO MEDICO | D66: GC0000079 | F66: DNI | G66: 71770643 | H66: VILCA | I66: AQUINO | J66: CRISTHIAN ALEXADER | K66: VILCA AQUINO CRISTHIAN ALEXADER | L66: MASCULINO | M66: 36685 | N66: 947946040 | O66: RENUNCIO | P66: MINERA AURIFERA RETAMAS S.A. | Q66: SAN ANDRES | R66: GRUPO CREDCO EMPRESA DE INGENIERIA, ARQUITECTURA Y CONSTRUCCION S.A.C. | S66: 20601242657 | T66: SUPERFICIE | U66: PROYECTOS E INFRAESTUCTURA | V66: PEON CIVIL | W66: CAJAMARCA | X66: JR. RAMON CASTILLA 593 | Y66: CAJAMARCA | Z66: CAJAMARCA | AA66: CAJAMARCA | AB66: 21 | AC66: HUAMACHUCO | AD66: SAN ANDRES | AF66: 44461 | AJ66: 44783
A67: 92 | B67: SAN ANDRES | C67: CENTRO MEDICO | D67: GC0000101 | F67: DNI | G67: 41043275 | H67: VILLALOBOS | I67: LAVADO | J67: JHONATHAN JUNIOR | K67: VILLALOBOS LAVADO JHONATHAN JUNIOR | L67: MASCULINO | M67: 29706 | N67: 986774925 | O67: RENUNCIO | P67: MINERA AURIFERA RETAMAS S.A. | Q67: SAN ANDRES | R67: GRUPO CREDCO EMPRESA DE INGENIERIA, ARQUITECTURA Y CONSTRUCCION S.A.C. | S67: 20601242657 | T67: SUPERFICIE | U67: PROYECTOS E INFRAESTUCTURA | V67: PEON CIVIL | W67: LA LIBERTAD | X67: LARCO N4 CHICLIN | Y67: CHICAMA | Z67: ASCOPE | AA67: LA LIBERTAD | AB67: 40 | AC67: TRUJILLO | AD67: SAN ANDRES | AF67: 44650 | AJ67: 44775
A68: 9 | B68: SAN ANDRES | C68: CENTRO MEDICO | D68: GC0000049 | F68: DNI | G68: 43870415 | H68: LLANOS | I68: GARCIA | J68: WILFREDO | K68: =CONCATENATE(H68," ",I68," ",J68) -> LLANOS GARCIA WILFREDO | L68: MASCULINO | M68: 31607 | N68: 974557423 | O68: RENUNCIO | P68: MINERA AURIFERA RETAMAS S.A. | Q68: SAN ANDRES | R68: GRUPO CREDCO EMPRESA DE INGENIERIA, ARQUITECTURA Y CONSTRUCCION S.A.C. | S68: 20601242662 | T68: SUPERFICIE | U68: PROYECTOS E INFRAESTUCTURA | V68: OPERARIO CIVIL | W68: CAJAMARCA | X68: Caserio Tres Molinos Parte Alta. | Y68: CAJAMARCA | Z68: CAJAMARCA | AA68: CAJAMARCA | AB68: 35 | AC68: HUAMACHUCO | AD68: SAN ANDRES | AF68: 44301 | AJ68: 44741
A69: 22 | B69: SAN ANDRES | C69: CENTRO MEDICO | D69: GC0000044 | F69: DNI | G69: 71758380 | H69: VILCA | I69: CONDOR | J69: INELSON | K69: =CONCATENATE(H69," ",I69," ",J69) -> VILCA CONDOR INELSON | L69: MASCULINO | M69: 36525 | N69: 935254843 | O69: RENUNCIO | P69: MINERA AURIFERA RETAMAS S.A. | Q69: SAN ANDRES | R69: GRUPO CREDCO EMPRESA DE INGENIERIA, ARQUITECTURA Y CONSTRUCCION S.A.C. | S69: 20601242657 | T69: SUPERFICIE | U69: PROYECTOS E INFRAESTUCTURA | V69: OPERARIO CIVIL | W69: CAJAMARCA | X69: Jiron Los Cantares 119 | Y69: CAJAMARCA | Z69: CAJAMARCA | AA69: CAJAMARCA | AB69: 22 | AC69: HUAMACHUCO | AD69: SAN ANDRES | AF69: 44301 | AJ69: 44727
A70: 59 | B70: SAN ANDRES | C70: CENTRO MEDICO | D70: GC0000067 | F70: DNI | G70: 70845004 | H70: GUARNIZ | I70: MARIÑO | J70: ALBERTO LEONEL | K70: GURANIZ MARIÑOS ALBERTO LEONEL | L70: MASCULINO | M70: 36326 | N70: 912855776 | O70: RENUNCIO | P70: MINERA AURIFERA RETAMAS S.A. | Q70: SAN ANDRES | R70: GRUPO CREDCO EMPRESA DE INGENIERIA, ARQUITECTURA Y CONSTRUCCION S.A.C. | S70: 20601242657 | T70: SUPERFICIE | U70: PROYECTOS E INFRAESTUCTURA | V70: PEON CIVIL | W70: LA LIBERTAD | X70: AA.HH. Alan Garcia Mz.Glot. 3 | Y70: CHICAMA | Z70: ASCOPE | AA70: LA LIBERTAD | AB70: 22 | AC70: TRUJILLO | AD70: SAN ANDRES | AF70: 44392 | AJ70: 26/11/2021-19.01.2022 | AK70: SUBE 4/01/2022
A71: 53 | B71: SAN ANDRES | C71: CENTRO MEDICO | D71: GC0000057 | F71: DNI | G71: 74949067 | H71: YOPLA | I71: CHUQUIMANGO | J71: SAMUEL | K71: YOPLA CHUQUIMANGO | L71: MASCULINO | M71: 24/01/1997 | N71: 917678199 | O71: RENUNCIO | P71: MINERA AURIFERA RETAMAS S.A. | Q71: SAN ANDRES | R71: GRUPO CREDCO EMPRESA DE INGENIERIA, ARQUITECTURA Y CONSTRUCCION S.A.C. | S71: 20601242657 | T71: SUPERFICIE | U71: PROYECTOS E INFRAESTUCTURA | V71: PEON CIVIL | W71: CAJAMARCA | X71: Jr. Alejandro Ortiz n° 210 | Y71: CAJAMARCA | Z71: CAJAMARCA | AA71: CAJAMARCA | AB71: 24 | AC71: HUAMACHUCO | AD71: SAN ANDRES | AF71: 44364 | AJ71: 44742
A72: 18 | B72: SAN ANDRES | C72: CENTRO MEDICO | D72: GC0000019 | F72: DNI | G72: 46843843 | H72: CUEVA | I72: DURAN | J72: CELESTINO | K72: =CONCATENATE(H72," ",I72," ",J72) -> CUEVA DURAN CELESTINO | L72: MASCULINO | M72: 33534 | N72: 996616291 | O72: RENUNCIO | P72: MINERA AURIFERA RETAMAS S.A. | Q72: SAN ANDRES | R72: GRUPO CREDCO EMPRESA DE INGENIERIA, ARQUITECTURA Y CONSTRUCCION S.A.C. | S72: 20601242657 | T72: SUPERFICIE | U72: PROYECTOS E INFRAESTUCTURA | V72: OPERARIO CIVIL | W72: CAJAMARCA | X72: Centro Poblado Tual | Y72: CAJAMARCA | Z72: CAJAMARCA | AA72: CAJAMARCA | AB72: 30 | AC72: HUAMACHUCO | AD72: SAN ANDRES | AF72: 44280 | AJ72: 44782
A73: 82 | B73: SAN ANDRES | C73: CENTRO MEDICO | D73: GC0000094 | F73: DNI | G73: 71770676 | H73: SALAZAR | I73: ARCE | J73: GINO WILBERTO | K73: SALAZAR ARCE GINO | L73: MASCULINO | M73: 35836 | N73: 913622172 | O73: RENUNCIO | P73: MINERA AURIFERA RETAMAS S.A. | Q73: SAN ANDRES | R73: GRUPO CREDCO EMPRESA DE INGENIERIA, ARQUITECTURA Y CONSTRUCCION S.A.C. | S73: 20601242657 | T73: SUPERFICIE | U73: PROYECTOS E INFRAESTUCTURA | V73: PEON CIVIL | W73: CAJAMARCA | X73: JOSE QUIÑONES N° 257 SANTA ELENA | Y73: CAJAMARCA | Z73: CAJAMARCA | AA73: CAJAMARCA | AB73: 24 | AC73: HUAMACHUCO | AD73: SAN ANDRES | AF73: 44568 | AJ73: 7/08/2021- 17/08/2022 | AK73: SUBE 06/012022
A74: 91 | B74: SAN ANDRES | C74: CENTRO MEDICO | D74: GC0000099 | F74: DNI | G74: 71766966 | H74: LEON | I74: VEGA | J74: MARTIN | K74: LEON VEGA MARTIN | L74: MASCULINO | M74: 34231 | N74: 916144177 | O74: RENUNCIO | P74: MINERA AURIFERA RETAMAS S.A. | Q74: SAN ANDRES | R74: GRUPO CREDCO EMPRESA DE INGENIERIA, ARQUITECTURA Y CONSTRUCCION S.A.C. | S74: 20601242657 | T74: SUPERFICIE | U74: PROYECTOS E INFRAESTUCTURA | V74: PEON CIVIL | W74: CAJAMARCA | X74: CASERIO NUEVA VICTORIA | Y74: CAJAMARCA | Z74: CAJAMARCA | AA74: CAJAMARCA | AB74: 29 | AC74: HUAMACHUCO | AD74: SAN ANDRES | AF74: 44650 | AJ74: 44824
A75: 117 | B75: SAN ANDRES | C75: CENTRO MEDICO | D75: GC0000124 | F75: DNI | G75: 45479118 | H75: SANGAY | I75: JARA | J75: FREDY | K75: SANGAY JARA FREDY | L75: MASCULINO | M75: 31543 | N75: 986793184 | O75: RENUNCIO | P75: MINERA AURIFERA RETAMAS S.A. | Q75: SAN ANDRES | R75: GRUPO CREDCO EMPRESA DE INGENIERIA, ARQUITECTURA Y CONSTRUCCION S.A.C. | S75: 20601242657 | T75: SUPERFICIE | U75: PROYECTOS E INFRAESTUCTURA | V75: PEON CIVIL | W75: CAJAMARCA | X75: CASERIO AYLAMBO | Y75: CAJAMARCA | Z75: CAJAMARCA | AA75: CAJAMARCA | AB75: 36 | AC75: HUAMACHUCO | AD75: SAN ANDRES | AF75: 44846 | AJ75: 44887
A76: 112 | B76: SAN ANDRES | C76: CENTRO MEDICO | D76: GC0000119 | F76: DNI | G76: 48397527 | H76: MOSQUERA | I76: QUIJANO | J76: RICARDO SAMUEL | K76: MOSQUERA QUIJANO RICARDO SAMUEL | L76: MASCULINO | M76: 34630 | N76: 938296396 | O76: RENUNCIO | P76: MINERA AURIFERA RETAMAS S.A. | Q76: SAN ANDRES | R76: GRUPO CREDCO EMPRESA DE INGENIERIA, ARQUITECTURA Y CONSTRUCCION S.A.C. | S76: 20601242657 | T76: SUPERFICIE | U76: PROYECTOS E INFRAESTUCTURA | V76: PEON CIVIL | W76: CAJAMARCA | X76: RAFAEL HOYOS RUBIOS | Y76: CAJAMARCA | Z76: CAJAMARCA | AA76: CAJAMARCA | AB76: 28 | AC76: HUAMACHUCO | AD76: SAN ANDRES | AF76: 44832
A77: 73 | B77: SAN ANDRES | C77: CENTRO MEDICO | D77: GC0000081 | F77: DNI | G77: 72319034 | H77: ENCARNACION | I77: ARANDA | J77: DAVID | K77: ENCARNACION ARANDA DAVIS | L77: MASCULINO | M77: 36562 | N77: 963346089 | O77: RENUNCIO | P77: MINERA AURIFERA RETAMAS S.A. | Q77: SAN ANDRES | R77: GRUPO CREDCO EMPRESA DE INGENIERIA, ARQUITECTURA Y CONSTRUCCION S.A.C. | S77: 20601242657 | T77: SUPERFICIE | U77: PROYECTOS E INFRAESTUCTURA | V77: PEON CIVIL | W77: LA LIBERTAD | X77: AV. PARANSHI 14 CASERIO QUINTA ALTA | Y77: HUAMACHUCO | Z77: SANCHEZ CARRION | AA77: LA LIBERTAD | AB77: 21 | AC77: TRUJILLO | AD77: SAN ANDRES | AF77: 44475 | AJ77: 44923
A78: 11 | B78: SAN ANDRES | C78: CENTRO MEDICO | D78: GC0000048 | F78: DNI | G78: 70042708 | H78: VILCA | I78: AQUINO | J78: EVERY EULICES | K78: =CONCATENATE(H78," ",I78," ",J78) -> VILCA AQUINO EVERY EULICES | L78: MASCULINO | M78: 34900 | N78: 961304704 | O78: RENUNCIO | P78: MINERA AURIFERA RETAMAS S.A. | Q78: SAN ANDRES | R78: GRUPO CREDCO EMPRESA DE INGENIERIA, ARQUITECTURA Y CONSTRUCCION S.A.C. | S78: 20601242662 | T78: SUPERFICIE | U78: PROYECTOS E INFRAESTUCTURA | V78: OFICIAL CIVIL | W78: CAJAMARCA | X78: Jr. Ramon Castilla | Y78: CAJAMARCA | Z78: CAJAMARCA | AA78: CAJAMARCA | AB78: 26 | AC78: HUAMACHUCO | AD78: SAN ANDRES | AF78: 44308 | AJ78: 44916
A79: 84 | B79: SAN ANDRES | C79: CENTRO MEDICO | D79: GC0000001 | F79: DNI | G79: 70932974 | H79: NARRO | I79: HUAMAN | J79: MANUEL GIAN MARCO | K79: NARRO HUAMAN MANUEL GIAN MARCO | L79: MASCULINO | M79: 34992 | N79: 934588501 | O79: RENUNCIO | P79: MINERA AURIFERA RETAMAS S.A. | Q79: SAN ANDRES | R79: GRUPO CREDCO EMPRESA DE INGENIERIA, ARQUITECTURA Y CONSTRUCCION S.A.C. | S79: 20601242657 | T79: SUPERFICIE | U79: PROYECTOS E INFRAESTUCTURA | V79: OPERARIO CIVIL | W79: LA LIBERTAD | X79: URB. LOS JAZMINES MZ. Q LOT.10 | Y79: TRUJILLO | Z79: TRUJILLO | AA79: LA LIBERTAD | AB79: 25 | AC79: TRUJILLO | AD79: SAN ANDRES | AF79: 44587 | AJ79: 44845
A80: 114 | B80: SAN ANDRES | C80: CENTRO MEDICO | D80: GC0000121 | F80: DNI | G80: 77342506 | H80: CHUQUILIN | I80: ESPINOZA | J80: ALINDOR | K80: CHUQUILIN ESPINOZA ALINDOR | L80: MASCULINO | M80: 34877 | N80: 992033235 | O80: RENUNCIO | P80: MINERA AURIFERA RETAMAS S.A. | Q80: SAN ANDRES | R80: GRUPO CREDCO EMPRESA DE INGENIERIA, ARQUITECTURA Y CONSTRUCCION S.A.C. | S80: 20601242657 | T80: SUPERFICIE | U80: PROYECTOS E INFRAESTUCTURA | V80: PEON CIVIL | W80: CAJAMARCA | X80: CENTRO POBLADO PAMPA CUYOC | Y80: LLAPA | Z80: SAN MIGUEL | AA80: CAJAMARCA | AB80: 27 | AC80: HUAMACHUCO | AD80: SAN ANDRES | AF80: 44846 | AJ80: 44926
A81: 105 | B81: SAN ANDRES | C81: CENTRO MEDICO | D81: GC0000113 | F81: DNI | G81: 74229717 | H81: SANGAY | I81: QUITO | J81: JOSE | K81: SANGAY QUITO JOSE | L81: MASCULINO | M81: 35032 | N81: 928681430 | O81: RENUNCIO | P81: MINERA AURIFERA RETAMAS S.A. | Q81: SAN ANDRES | R81: GRUPO CREDCO EMPRESA DE INGENIERIA, ARQUITECTURA Y CONSTRUCCION S.A.C. | S81: 20601242657 | T81: SUPERFICIE | U81: PROYECTOS E INFRAESTUCTURA | V81: PEON CIVIL | W81: CAJAMARCA | X81: JR. MISION JAPONESA 150 | Y81: CAJAMARCA | Z81: CAJAMARCA | AA81: CAJAMARCA | AB81: 27 | AC81: HUAMACHUCO | AD81: SAN ANDRES | AF81: 44804 | AJ81: 44926
A82: 100 | B82: SAN ANDRES | C82: CENTRO MEDICO | D82: GC0000108 | F82: DNI | G82: 71766991 | H82: HUAMAN | I82: RAMIREZ | J82: OSVER MAIKY | K82: HUAMAN RAMIREZ OSVER MAIKY | L82: MASCULINO | M82: 36586 | N82: 915187219 | O82: RENUNCIO | P82: MINERA AURIFERA RETAMAS S.A. | Q82: SAN ANDRES | R82: GRUPO CREDCO EMPRESA DE INGENIERIA, ARQUITECTURA Y CONSTRUCCION S.A.C. | S82: 20601242657 | T82: SUPERFICIE | U82: PROYECTOS E INFRAESTUCTURA | V82: PEON CIVIL | W82: CAJAMARCA | X82: CASERIO CHIGDEN - SAN JUAN | Y82: CAJAMARCA | Z82: CAJAMARCA | AA82: CAJAMARCA | AB82: 22 | AC82: HUAMACHUCO | AD82: SAN ANDRES | AF82: 44783 | AJ82: 44926
A83: 94 | B83: SAN ANDRES | C83: CENTRO MEDICO | D83: GC0000104 | F83: DNI | G83: 42807763 | H83: HERNANDEZ | I83: TERAN | J83: HENRRY WILLY | K83: HERNANDEZ TERAN HENRRY WILLY | L83: MASCULINO | M83: 30022 | N83: 954497788 | O83: RENUNCIO | P83: MINERA AURIFERA RETAMAS S.A. | Q83: SAN ANDRES | R83: GRUPO CREDCO EMPRESA DE INGENIERIA, ARQUITECTURA Y CONSTRUCCION S.A.C. | S83: 20601242657 | T83: SUPERFICIE | U83: PROYECTOS E INFRAESTUCTURA | V83: CHOFER | W83: CAJAMARCA | X83: UBR. SAN CARLOS JR. SAN MATEO 157 | Y83: CAJAMARCA | Z83: CAJAMARCA | AA83: CAJAMARCA | AB83: 40 | AC83: HUAMACHUCO | AD83: SAN ANDRES | AF83: 44707 | AJ83: 44927
A84: 113 | B84: SAN ANDRES | C84: CENTRO MEDICO | D84: GC0000120 | F84: DNI | G84: 72655374 | H84: SANCHEZ | I84: MARCELO | J84: ELMER | K84: SANCHEZ MARCELO ELMER | L84: MASCULINO | M84: 36416 | N84: 978785022 | O84: RENUNCIO | P84: MINERA AURIFERA RETAMAS S.A. | Q84: SAN ANDRES | R84: GRUPO CREDCO EMPRESA DE INGENIERIA, ARQUITECTURA Y CONSTRUCCION S.A.C. | S84: 20601242657 | T84: SUPERFICIE | U84: PROYECTOS E INFRAESTUCTURA | V84: PEON CIVIL | W84: CAJAMARCA | X84: JR. LOS PINOS 903 | Y84: CAJAMARCA | Z84: CAJAMARCA | AA84: CAJAMARCA | AB84: 23 | AC84: HUAMACHUCO | AD84: SAN ANDRES | AF84: 44839 | AJ84: 44946
A85: 97 | B85: SAN ANDRES | C85: CENTRO MEDICO | D85: GC0000106 | F85: DNI | G85: 76831997 | H85: PRADO | I85: GARAY | J85: LENER JHONY | K85: PRADO GARAY LENER JHONY | L85: MASCULINO | M85: 35378 | N85: 974340252 | O85: RENUNCIO | P85: MINERA AURIFERA RETAMAS S.A. | Q85: SAN ANDRES | R85: GRUPO CREDCO EMPRESA DE INGENIERIA, ARQUITECTURA Y CONSTRUCCION S.A.C. | S85: 20601242657 | T85: SUPERFICIE | U85: PROYECTOS E INFRAESTUCTURA | V85: PEON CIVIL | W85: CAJAMARCA | X85: JR. MOLINO 135 | Y85: CAJAMARCA | Z85: CAJAMARCA | AA85: CAJAMARCA | AB85: 26 | AC85: HUAMACHUCO | AD85: SAN ANDRES | AF85: 44741 | AJ85: 44992
A86: 115 | B86: SAN ANDRES | C86: CENTRO MEDICO | D86: GC0000123 | F86: DNI | G86: 44074191 | H86: SANCHEZ | I86: REQUEJO | J86: ABDIAS | K86: SANCHEZ REQUEJO ABDIAS | L86: MASCULINO | M86: 31409 | N86: 944086410 | O86: RENUNCIO | P86: MINERA AURIFERA RETAMAS S.A. | Q86: SAN ANDRES | R86: GRUPO CREDCO EMPRESA DE INGENIERIA, ARQUITECTURA Y CONSTRUCCION S.A.C. | S86: 20601242657 | T86: SUPERFICIE | U86: PROYECTOS E INFRAESTUCTURA | V86: PEON CIVIL | W86: CAJAMARCA | X86: CASERIO SAN MIGUEL | Y86: CAJAMARCA | Z86: CAJAMARCA | AA86: CAJAMARCA | AB86: 37 | AC86: HUAMACHUCO | AD86: SAN ANDRES | AF86: 44846 | AJ86: 44992
A87: 117 | B87: SAN ANDRES | C87: CENTRO MEDICO | D87: GC0000143 | F87: DNI | G87: 72944466 | H87: JARA | I87: DE LA CRUZ | J87: BENAVIDES | K87: JARA DE LA CRUZ BENAVIDES | L87: MASCULINO | M87: 35829 | N87: 994714911 | O87: RENUNCIO | P87: MINERA AURIFERA RETAMAS S.A. | Q87: SAN ANDRES | R87: GRUPO CREDCO EMPRESA DE INGENIERIA, ARQUITECTURA Y CONSTRUCCION S.A.C. | S87: 20601242657 | T87: SUPERFICIE | U87: PROYECTOS E INFRAESTUCTURA | V87: PEON CIVIL | W87: CAJAMARCA | X87: C.P. SHAULLO CHICO | Y87: BAÑOS DEL INCA | Z87: CAJAMARCA | AA87: CAJAMARCA | AB87: 24 | AC87: HUAMACHUCO | AD87: SAN ANDRES | AF87: 44874 | AJ87: 44971
A88: 71 | B88: SAN ANDRES | C88: CENTRO MEDICO | D88: GC0000079 | F88: DNI | G88: 71770643 | H88: VILCA | I88: AQUINO | J88: CRISTHIAN ALEXADER | K88: VILCA AQUINO CRISTHIAN ALEXADER | L88: MASCULINO | M88: 36685 | N88: 947946040 | O88: RENUNCIO | P88: MINERA AURIFERA RETAMAS S.A. | Q88: SAN ANDRES | R88: GRUPO CREDCO EMPRESA DE INGENIERIA, ARQUITECTURA Y CONSTRUCCION S.A.C. | S88: 20601242657 | T88: SUPERFICIE | U88: PROYECTOS E INFRAESTUCTURA | V88: PEON CIVIL | W88: CAJAMARCA | X88: JR. RAMON CASTILLA 593 | Y88: CAJAMARCA | Z88: CAJAMARCA | AA88: CAJAMARCA | AB88: 21 | AC88: HUAMACHUCO | AD88: SAN ANDRES | AF88: 44461 | AJ88: 44985
A89: 105 | B89: SAN ANDRES | C89: CENTRO MEDICO | D89: GC0000113 | F89: DNI | G89: 74229717 | H89: SANGAY | I89: QUITO | J89: JOSE | K89: SANGAY QUITO JOSE | L89: MASCULINO | M89: 35032 | N89: 928681430 | O89: RENUNCIO | P89: MINERA AURIFERA RETAMAS S.A. | Q89: SAN ANDRES | R89: GRUPO CREDCO EMPRESA DE INGENIERIA, ARQUITECTURA Y CONSTRUCCION S.A.C. | S89: 20601242657 | T89: SUPERFICIE | U89: PROYECTOS E INFRAESTUCTURA | V89: PEON CIVIL | W89: CAJAMARCA | X89: JR. MISION JAPONESA 150 | Y89: CAJAMARCA | Z89: CAJAMARCA | AA89: CAJAMARCA | AB89: 27 | AC89: HUAMACHUCO | AD89: SAN ANDRES | AF89: 44804 | AJ89: 44926
A90: 43 | B90: SAN ANDRES | C90: CENTRO MEDICO | D90: GC0000013 | F90: DNI | G90: 46949881 | H90: REYES | I90: GUZMAN | J90: SEGUNDO | K90: =CONCATENATE(H90," ",I90," ",J90) -> REYES GUZMAN SEGUNDO | L90: MASCULINO | M90: 24/04/1991 | N90: 971477273 | O90: RENUNCIO | P90: MINERA AURIFERA RETAMAS S.A. | Q90: SAN ANDRES | R90: GRUPO CREDCO EMPRESA DE INGENIERIA, ARQUITECTURA Y CONSTRUCCION S.A.C. | S90: 20601242657 | T90: SUPERFICIE | U90: PROYECTOS E INFRAESTUCTURA | V90: CONDUCTOR DE CAMION 1 | W90: CAJAMARCA | X90: Mz. 11 lt. 11 Sector 5, El milagro | Y90: HUANCHACO | Z90: TRUJILLO | AA90: LA LIBERTAD | AB90: 30 | AC90: TRUJILLO | AD90: SAN ANDRES | AF90: 44279 | AJ90: 45014
A91: 125 | B91: SAN ANDRES | C91: CENTRO MEDICO | D91: GC0000167 | F91: DNI | G91: 26672922 | H91: SALAZAR | I91: RAMIREZ | J91: OSCAR ALBERTO | K91: SALAZAR RAMIREZ OSCAR ALBERTO | L91: MASCULINO | M91: 28/0871971 | N91: 946925916 | O91: RENUNCIO | P91: MINERA AURIFERA RETAMAS S.A. | Q91: SAN ANDRES | R91: GRUPO CREDCO EMPRESA DE INGENIERIA, ARQUITECTURA Y CONSTRUCCION S.A.C. | S91: 20601242657 | T91: SUPERFICIE | U91: PROYECTOS E INFRAESTUCTURA | V91: PEON CIVIL | W91: CAJAMARCA | X91: C.P.LA PACCHA | Y91: SAN JUAN | Z91: CAJAMARCA | AA91: CAJAMARCA | AB91: 52 | AC91: HUAMACHUCO | AD91: SAN ANDRES | AJ91: 44963
A92: 121 | B92: SAN ANDRES | C92: CENTRO MEDICO | D92: GC0000161 | F92: DNI | G92: 46859648 | H92: CORREA | I92: BOLAÑOS | J92: CARLOS JACINTO | K92: CORREA BOLAÑOS CARLOS JACINTO | L92: MASCULINO | M92: 01701/1992 | N92: 948229992 | O92: RENUNCIO | P92: MINERA AURIFERA RETAMAS S.A. | Q92: SAN ANDRES | R92: GRUPO CREDCO EMPRESA DE INGENIERIA, ARQUITECTURA Y CONSTRUCCION S.A.C. | S92: 20601242657 | T92: SUPERFICIE | U92: PROYECTOS E INFRAESTUCTURA | V92: PEON CIVIL | W92: CAJAMARCA | X92: CASRIO LA VICTORIA | Y92: HUASMIN | Z92: CELENDIN | AA92: CAJAMARCA | AB92: 31 | AC92: HUAMACHUCO | AD92: SAN ANDRES | AF92: 44951
A93: 110 | B93: SAN ANDRES | C93: CENTRO MEDICO | D93: GC0000115 | F93: DNI | G93: 42993500 | H93: BUSTAMANTE | I93: TERRONES | J93: PRESBITERO | K93: BUSTAMANTE TERRONES PRESBITERO | L93: MASCULINO | M93: 34210 | N93: 922546455 | O93: RENUNCIO | P93: MINERA AURIFERA RETAMAS S.A. | Q93: SAN ANDRES | R93: GRUPO CREDCO EMPRESA DE INGENIERIA, ARQUITECTURA Y CONSTRUCCION S.A.C. | S93: 20601242657 | T93: SUPERFICIE | U93: PROYECTOS E INFRAESTUCTURA | V93: PEON CIVIL | W93: CAJAMARCA | X93: COMUNIDAD NEGROPAMPA ALTO CHOTA | Y93: GUALGAYOC | Z93: BAMBAMARCA | AA93: CAJAMARCA | AB93: 39 | AC93: HUAMACHUCO | AD93: SAN ANDRES | AF93: 44818 | AJ93: 44999
A94: 111 | B94: SAN ANDRES | C94: CENTRO MEDICO | D94: GC0000116 | F94: DNI | G94: 77343999 | H94: QUIROZ | I94: PAICO | J94: LUIS ALBERTO | K94: QUIROZ PAICO LUIS ALBERTO | L94: MASCULINO | M94: 35079 | N94: 935727503 | O94: RENUNCIO | P94: MINERA AURIFERA RETAMAS S.A. | Q94: SAN ANDRES | R94: GRUPO CREDCO EMPRESA DE INGENIERIA, ARQUITECTURA Y CONSTRUCCION S.A.C. | S94: 20601242657 | T94: SUPERFICIE | U94: PROYECTOS E INFRAESTUCTURA | V94: PEON CIVIL | W94: CAJAMARCA | X94: CASERIO AGOPAMPA ALTA | Y94: CAJAMARCA | Z94: CAJAMARCA | AA94: CAJAMARCA | AB94: 26 | AC94: HUAMACHUCO | AD94: SAN ANDRES | AF94: 44818 | AJ94: 45093
A95: 106 | B95: SAN ANDRES | C95: CENTRO MEDICO | D95: GC0000109 | F95: DNI | G95: 48008907 | H95: JULCAMORO | I95: MISAHUAMAN | J95: ORNAN JOSUE | K95: JULCAMORO MISAHUAMAN ORNAN JOSUE | L95: MASCULINO | M95: 34128 | N95: 917676651 | O95: RENUNCIO | P95: MINERA AURIFERA RETAMAS S.A. | Q95: SAN ANDRES | R95: GRUPO CREDCO EMPRESA DE INGENIERIA, ARQUITECTURA Y CONSTRUCCION S.A.C. | S95: 20601242657 | T95: SUPERFICIE | U95: PROYECTOS E INFRAESTUCTURA | V95: PEON CIVIL | W95: CAJAMARCA | X95: PJE. LA RIVERA 170 | Y95: CAJAMARCA | Z95: CAJAMARCA | AA95: CAJAMARCA | AB95: 29 | AC95: HUAMACHUCO | AD95: SAN ANDRES | AF95: 44804 | AJ95: 45062
A96: 118 | B96: SAN ANDRES | C96: CENTRO MEDICO | D96: GC0000142 | F96: DNI | G96: 46843843 | H96: CUEVA | I96: DURAN | J96: CELESTINO | K96: CUEVA DURAN CELESTINO | L96: MASCULINO | M96: 33533 | N96: 996616291 | O96: RENUNCIO | P96: MINERA AURIFERA RETAMAS S.A. | Q96: SAN ANDRES | R96: GRUPO CREDCO EMPRESA DE INGENIERIA, ARQUITECTURA Y CONSTRUCCION S.A.C. | S96: 20601242657 | T96: SUPERFICIE | U96: PROYECTOS E INFRAESTUCTURA | V96: OFICIAL CIVIL | W96: CAJAMARCA | X96: CENTRO POBLADO TUAL | Y96: CAJAMARCA | Z96: CAJAMARCA | AA96: CAJAMARCA | AB96: 31 | AC96: HUAMACHUCO | AD96: SAN ANDRES | AF96: 44874
A97: 128 | B97: SAN ANDRES | C97: CENTRO MEDICO | D97: GC0000172 | F97: DNI | G97: 74652100 | H97: HUAMAN | I97: MALIMBA | J97: NESTOR ABRAHAN | K97: HUAMAN MALIMBA NESTOR ABRAHAN | L97: MASCULINO | M97: 35852 | O97: RENUNCIO | P97: MINERA AURIFERA RETAMAS S.A. | Q97: SAN ANDRES | R97: GRUPO CREDCO EMPRESA DE INGENIERIA, ARQUITECTURA Y CONSTRUCCION S.A.C. | S97: 20601242657 | T97: SUPERFICIE | U97: PROYECTOS E INFRAESTUCTURA | V97: PEON CIVIL | W97: CAJAMARCA | X97: CASERIO CATACHE MAGDALENA | Y97: CAJAMARCA | Z97: CAJAMARCA | AA97: CAJAMARCA | AB97: 25 | AC97: HUAMACHUCO | AD97: SAN ANDRES | AF97: 45007
A98: 116 | B98: SAN ANDRES | C98: CENTRO MEDICO | D98: GC0000122 | F98: DNI | G98: 46790663 | H98: VASQUEZ | I98: HUAMAN | J98: WILLIAM JOEL | K98: VASQUEZ HUAMAN WILLIAN JOEL | L98: MASCULINO | M98: 33277 | N98: 978825687 | O98: RENUNCIO | P98: MINERA AURIFERA RETAMAS S.A. | Q98: SAN ANDRES | R98: GRUPO CREDCO EMPRESA DE INGENIERIA, ARQUITECTURA Y CONSTRUCCION S.A.C. | S98: 20601242657 | T98: SUPERFICIE | U98: PROYECTOS E INFRAESTUCTURA | V98: PEON CIVIL | W98: CAJAMARCA | X98: JR. CALISPUQUIO N° 377 | Y98: CAJAMARCA | Z98: CAJAMARCA | AA98: CAJAMARCA | AB98: 31 | AC98: HUAMACHUCO | AD98: SAN ANDRES | AF98: 44846 | AJ98: 44939
A99: 109 | B99: SAN ANDRES | C99: CENTRO MEDICO | D99: GC0000117 | F99: DNI | G99: 74229718 | H99: SANGAY | I99: QUITO | J99: CRISTIAN | K99: SANGAY QUITO CRISTIAN | L99: MASCULINO | M99: 36085 | N99: 918357580 | O99: RENUNCIO | P99: MINERA AURIFERA RETAMAS S.A. | Q99: SAN ANDRES | R99: GRUPO CREDCO EMPRESA DE INGENIERIA, ARQUITECTURA Y CONSTRUCCION S.A.C. | S99: 20601242657 | T99: SUPERFICIE | U99: PROYECTOS E INFRAESTUCTURA | V99: PEON CIVIL | W99: CAJAMARCA | X99: JR. MISION JAPONES 150 | Y99: CAJAMARCA | Z99: CAJAMARCA | AA99: CAJAMARCA | AB99: 24 | AC99: HUAMACHUCO | AD99: SAN ANDRES | AF99: 44818
A100: 107 | B100: SAN ANDRES | C100: CENTRO MEDICO | D100: GC0000112 | F100: DNI | G100: 70016821 | H100: CHILON | I100: SORIANO | J100: VICTOR | K100: CHILON SORIANO VICTOR | L100: MASCULINO | M100: 34583 | N100: 961452006 | O100: RENUNCIO | P100: MINERA AURIFERA RETAMAS S.A. | Q100: SAN ANDRES | R100: GRUPO CREDCO EMPRESA DE INGENIERIA, ARQUITECTURA Y CONSTRUCCION S.A.C. | S100: 20601242657 | T100: SUPERFICIE | U100: PROYECTOS E INFRAESTUCTURA | V100: PEON CIVIL | W100: CAJAMARCA | X100: CASERIO CHILIMPAMPA | Y100: CAJAMARCA | Z100: CAJAMARCA | AA100: CAJAMARCA | AB100: 28 | AC100: HUAMACHUCO | AD100: SAN ANDRES | AF100: 44804 | AJ100: 45096
A101: 74 | B101: SAN ANDRES | C101: CENTRO MEDICO | D101: GC0000082 | F101: DNI | G101: 70415673 | H101: ESCAMILO | I101: RUIZ | J101: FELIX ANATOLIO | K101: ESCAMILO RUIZ FELIX ANATOLIO | L101: MASCULINO | M101: 33401 | N101: 973515249 | O101: RENUNCIO | P101: MINERA AURIFERA RETAMAS S.A. | Q101: SAN ANDRES | R101: GRUPO CREDCO EMPRESA DE INGENIERIA, ARQUITECTURA Y CONSTRUCCION S.A.C. | S101: 20601242657 | T101: SUPERFICIE | U101: PROYECTOS E INFRAESTUCTURA | V101: PEON CIVIL | W101: LA LIBERTAD | X101: PASAJE SAN MARCOS S/N | Y101: HUAMACHUCO | Z101: SANCHEZ CARRION | AA101: LA LIBERTAD | AB101: 30 | AC101: TRUJILLO | AD101: SAN ANDRES | AF101: 44475 | AJ101: 45092
A102: 38 | B102: SAN ANDRES | C102: CENTRO MEDICO | D102: GC0000014 | F102: DNI | G102: 09744549 | H102: CASTAÑEDA | I102: ROJAS | J102: ERVIN GONZALO | K102: =CONCATENATE(H102," ",I102," ",J102) -> CASTAÑEDA ROJAS ERVIN GONZALO | L102: MASCULINO | M102: 26217 | N102: 993207868 | O102: RENUNCIO | P102: MINERA AURIFERA RETAMAS S.A. | Q102: SAN ANDRES | R102: GRUPO CREDCO EMPRESA DE INGENIERIA, ARQUITECTURA Y CONSTRUCCION S.A.C. | S102: 20601242657 | T102: SUPERFICIE | U102: PROYECTOS E INFRAESTUCTURA | V102: SUPERVISOR MOVIMIENTO DE TIERRA | W102: LIMA | X102: Av. Carabayllo Mz. H lt. 25 Urb. San Eulogio | Y102: COMAS | Z102: LIMA | AA102: LIMA | AB102: 50 | AC102: TRUJILLO | AD102: SAN ANDRES | AF102: 44281 | AJ102: 31/06/2023
...

Sheet Hoja2
H1: N | I1: D | J1: M
H2: RABANAL SOTELO CARLOS DANIEL | I2: 7 | J2: 1
H3: ARRIBASPLATA ARRIBASPLATA YEISON ANTONI | I3: 13 | J3: 1
H4: CUEVA GARCIA JOSE GENARO | I4: 25 | J4: 1
E5: ANTICONA ANTICONA HEBER EFRAIN | H5: DELAO TORRES BRUNO | I5: 25 | J5: 1
E6: HUAYLLA LARREA ALVARO JOSÉ | H6: DELAO TORRES NELSON | I6: 5 | J6: 1
E7: CAMPOS FLORES ANTONIO | H7: VENEGAS RAMOS ENRIQUE HERMIS | I7: 23 | J7: 1
E8: LINARES HUAMAN UGO BENITO | H8: CHUNQUE PINEDO ALEXANDER | I8: 25 | J8: 2
E9: SANCHEZ MOSQUEIRA WALTER | H9: CAHUANA CHUQUIMANGO EDILBERTO | I9: 3 | J9: 2
E10: POMPA CUEVA NELSON ELVIS | H10: TISNADO ARRESTEGUI GERSON YADER | I10: 1 | J10: 2
E11: PESCORÁN CAMPOS MANUEL DAVID | H11: CUEVA TINGAL EDWIN | I11: 7 | J11: 2
E12: MISAHUAMAN BARDALES FRANKLIN | H12: JARA DE LA CRUZ BENAVIDES | I12: 3 | J12: 2
E13: DURAN PINEDO ELI | H13: LINARES RAMIREZ WILLIAM ALI | I13: 20 | J13: 2
H14: ROJAS MENDOZA JUNIOR JEORDI | I14: 10 | J14: 3
H15: ANTICONA ANTICONA HEBER EFRAIN | I15: 15 | J15: 4
H16: VILCA CONDOR INELSON | I16: 20 | J16: 4
H17: CUEVA HUANGAL ABDIAS | I17: 6 | J17: 4
H18: MIRANDA GALLARDO SEGUNDO EDUARDO | I18: 26 | J18: 4
H19: HUAYLLA LARREA ALVARO JOSÉ | I19: 4 | J19: 5
H20: CAMPOS FLORES ANTONIO | I20: 10 | J20: 5
H21: LINARES HUAMAN UGO BENITO | I21: 30 | J21: 5
H22: RAMIREZ POMPA JORGE LUIS ANTONIO | I22: 18 | J22: 5
H23: TERAN REVILLA NORBERTO | I23: 6 | J23: 6
H24: BURGOS JAYASI JORGE | I24: 13 | J24: 6
H25: ADRIANO CERVANTES DANIEL | I25: 20 | J25: 6
... H51: CARRASCO CHAVEZ CESAR | I51: 4 | J51: 12

Sheet Hoja1
J5: n | K5: f
J6: ADRIANO CERVANTES DANIEL | K6: OCUPADO
J7: ANTICONA ANTICONA HEBER EFRAIN | K7: OCUPADO
J8: ARIAS ARCE WILMER | K8: LIBRE
J9: ARRIBASPLATA ARRIBASPLATA YEISON ANTONI | K9: OCUPADO
C10: APELLIDOS Y NOMBRES | D10: DNI | E10: CARGO | F10: MOTIVO | G10: FECHA DE PROGRAMACIÓN | H10: HORA | J10: BURGOS JAYASI JORGE | K10: OCUPADO
C11: ='PERSONAL ACTIVO'!#REF! -> #REF! | D11: ='PERSONAL ACTIVO'!#REF! -> #REF! | E11: OFICIAL CIVIL | F11: Término de contrato | G11: 45656 | H11: 0.29166667 | J11: CAHUANA CHUQUIMANGO EDILBERTO | K11: LIBRE
J12: CAMPOS FLORES ANTONIO | K12: OCUPADO
C13: APELLIDOS Y NOMBRES | D13: DNI | E13: CARGO | F13: CÓDIGO DE FOTOCHEK | G13: FECHA DE PROGRAMACIÓN | J13: CARHUAPOMA VARGAS OSWALDO | K13: LIBRE
C14: CUEVA GARCIA JOSE GENARO | D14: 72307618 | E14: AYUDANTE DE OBRAS CIVILES | F14: GC0000242 | G14: 45658 | J14: CARRANZA MISAHUAMAN RONAL MIKI | K14: LIBRE
C15: DELAO TORRES BRUNO | D15: 47697810 | E15: AYUDANTE DE OBRAS CIVILES | F15: GC0000241 | G15: 45658 | J15: CARRASCO CHAVEZ CESAR | K15: OCUPADO
C16: DELAO TORRES NELSON | D16: 75141452 | E16: AYUDANTE DE OBRAS CIVILES | F16: GC0000240 | G16: 45658 | J16: CARRILLO ZAPATA CARLOS EDUARDO | K16: LIBRE
J17: CHAVEZ NORIEGA GUSMAN | K17: OCUPADO
J18: CHUNQUE PINEDO ALEXANDER | K18: LIBRE
J19: CUEVA GARCIA JOSE GENARO | K19: LIBRE
J20: CUEVA HUANGAL, ABDIAS | K20: OCUPADO
J21: CUEVA TINGAL EDWIN | K21: OCUPADO
J22: DELAO TORRES BRUNO | K22: OCUPADO
J23: DELAO TORRES NELSON | K23: OCUPADO
J24: DURAN PINEDO ELI | K24: OCUPADO
J25: HORNA BURGOS HUGO JORDAN | K25: OCUPADO
J26: JARA DE LA CRUZ BENAVIDES | K26: LIBRE
J27: LINARES BLONDET LUIS II | K27: OCUPADO
J28: LINARES HUAMAN UGO BENITO | K28: OCUPADO
... J52: VILCA CONDOR INELSON | K52: LIBRE

Sheet Hoja3
B6: TARRILLO COLLANTES EDWIN ALEXANDER
B8: HUAYLLA LARREA ALVARO JOSÉ
B10: CHUNQUE PINEDO ALEXANDER
B11: HORNA BURGOS HUGO JORDAN
B12: CARRANZA MISAHUAMAN RONAL MIKI
B13: TERAN REVILLA NORBERTO
B14: ANTICONA ANTICONA HEBER EFRAIN
B15: CAHUANA CHUQUIMANGO EDILBERTO
B17: MISAHUAMAN BARDALES FRANKLIN
B18: POMPA CUEVA NELSON ELVIS
B21: ROJAS PEÑA ROSMA ROEL
B22: BURGOS JAYASI JORGE
... B44: VENEGAS RAMOS ENRIQUE HERMIS
